paper_id,elo_rating
668075792a7ab40457d92e09da28d35c879271c3,1537.138555852531
f2d0f3d47ae850f49a58f4977393bd0025af4bec,1491.6288684724273
dd4cfde3e135f799a9a71b4f57e13a29de89f7e3,1471.2325756750417
