,lead_author_h_index,total_citations,b,a,last_author_h_index
lead_author_h_index,0.0,,,,
total_citations,,0.0,7.269559073330523e-45,1.0123627973470391e-09,
b,,7.269559073330523e-45,0.0,0.012487963121018531,
a,,1.0123627973470391e-09,0.012487963121018531,0.0,
last_author_h_index,,,,,0.0
