,lead_author_h_index,total_citations,b,a,last_author_h_index
lead_author_h_index,1.0,0.25948767158574626,0.07019281072423322,-0.11671149795979367,0.4245664455504954
total_citations,0.25948767158574626,1.0,0.7962049464167397,-0.4158012142417237,0.25779934861676385
b,0.07019281072423322,0.7962049464167397,1.0,-0.17679841113284564,0.004473945424036536
a,-0.11671149795979367,-0.4158012142417237,-0.17679841113284564,1.0,-0.1386824081776133
last_author_h_index,0.4245664455504954,0.25779934861676385,0.004473945424036536,-0.1386824081776133,1.0
