better_paper_id,worse_paper_id
69535d3c6ff3238f8e7b2b29c1d40ea9d9d7914f,4f0e4a313a3f777b4b6aab4f364b9bc51a6aacc9
4f0e4a313a3f777b4b6aab4f364b9bc51a6aacc9,8db1d30ac06dde4bd19d0a86241137ac2be21552
04c05c6acc970f2ca89af8e436b8dd8189396146,8db1d30ac06dde4bd19d0a86241137ac2be21552
04c05c6acc970f2ca89af8e436b8dd8189396146,6c00f661c46391642208a5292f38b5a9e0e09cae
6c00f661c46391642208a5292f38b5a9e0e09cae,95d638e7705ec561382268405bc488df4c26c7f7
668858489bbec3ce45f7a84a6a557b329f9ec91a,95d638e7705ec561382268405bc488df4c26c7f7
900cd128482bbab4d2752d01ce80c55498b78dd2,668858489bbec3ce45f7a84a6a557b329f9ec91a
24d9d00b91f99dde3c9a0ea5c79e63f2ed26151c,900cd128482bbab4d2752d01ce80c55498b78dd2
24d9d00b91f99dde3c9a0ea5c79e63f2ed26151c,c78350e81298ca87bc1d59b466fa40081232caaa
7d6168fbd3ed72f9098573007f4b8c2ec9e576b9,c78350e81298ca87bc1d59b466fa40081232caaa
dd4cfde3e135f799a9a71b4f57e13a29de89f7e3,7d6168fbd3ed72f9098573007f4b8c2ec9e576b9
2d906cda427cb2c4a71069423312e57ba4cd5445,dd4cfde3e135f799a9a71b4f57e13a29de89f7e3
2d906cda427cb2c4a71069423312e57ba4cd5445,3646acd0dc49a00d38517abccfc3a54cb78bbadc
d3f8d5a9c48ee9f338f25f1be5f3adc7fd5dd855,3646acd0dc49a00d38517abccfc3a54cb78bbadc
d3f8d5a9c48ee9f338f25f1be5f3adc7fd5dd855,10feab31bb9e71a0f1094fb00c0554abfb992c4d
668075792a7ab40457d92e09da28d35c879271c3,10feab31bb9e71a0f1094fb00c0554abfb992c4d
4aef44e4aeaf28868ae2f1fff2c4eb19ff4df1f6,668075792a7ab40457d92e09da28d35c879271c3
765051eee0fb1394b62555edb86ba1f7a00892fb,4aef44e4aeaf28868ae2f1fff2c4eb19ff4df1f6
765051eee0fb1394b62555edb86ba1f7a00892fb,0fe8f2f55046ad0b8d6337f57a78466790923264
0fe8f2f55046ad0b8d6337f57a78466790923264,59084df7203c6be33838ba3e3854eb9bda053ed2
1122b654f8b47c1aa9c04ff6bbe7561c798e2ad0,59084df7203c6be33838ba3e3854eb9bda053ed2
1122b654f8b47c1aa9c04ff6bbe7561c798e2ad0,aa89c6bf86486e180833037333555e3492b15c8e
bde841b0dbbf7a15ee69966a828c7fe2cf532ad9,aa89c6bf86486e180833037333555e3492b15c8e
82f59319e581cdfe16a97fe29bec6215ad818a81,bde841b0dbbf7a15ee69966a828c7fe2cf532ad9
82f59319e581cdfe16a97fe29bec6215ad818a81,1f45c9d4d92c51a94c984eb4c2c6e027bbf78038
4f0e4a313a3f777b4b6aab4f364b9bc51a6aacc9,95d638e7705ec561382268405bc488df4c26c7f7
900cd128482bbab4d2752d01ce80c55498b78dd2,95d638e7705ec561382268405bc488df4c26c7f7
d3f8d5a9c48ee9f338f25f1be5f3adc7fd5dd855,900cd128482bbab4d2752d01ce80c55498b78dd2
d3f8d5a9c48ee9f338f25f1be5f3adc7fd5dd855,59084df7203c6be33838ba3e3854eb9bda053ed2
59084df7203c6be33838ba3e3854eb9bda053ed2,0fe8f2f55046ad0b8d6337f57a78466790923264
0fe8f2f55046ad0b8d6337f57a78466790923264,668075792a7ab40457d92e09da28d35c879271c3
668075792a7ab40457d92e09da28d35c879271c3,bde841b0dbbf7a15ee69966a828c7fe2cf532ad9
10feab31bb9e71a0f1094fb00c0554abfb992c4d,bde841b0dbbf7a15ee69966a828c7fe2cf532ad9
10feab31bb9e71a0f1094fb00c0554abfb992c4d,c78350e81298ca87bc1d59b466fa40081232caaa
69535d3c6ff3238f8e7b2b29c1d40ea9d9d7914f,c78350e81298ca87bc1d59b466fa40081232caaa
69535d3c6ff3238f8e7b2b29c1d40ea9d9d7914f,aa89c6bf86486e180833037333555e3492b15c8e
1122b654f8b47c1aa9c04ff6bbe7561c798e2ad0,aa89c6bf86486e180833037333555e3492b15c8e
1122b654f8b47c1aa9c04ff6bbe7561c798e2ad0,7d6168fbd3ed72f9098573007f4b8c2ec9e576b9
7d6168fbd3ed72f9098573007f4b8c2ec9e576b9,dd4cfde3e135f799a9a71b4f57e13a29de89f7e3
dd4cfde3e135f799a9a71b4f57e13a29de89f7e3,8db1d30ac06dde4bd19d0a86241137ac2be21552
24d9d00b91f99dde3c9a0ea5c79e63f2ed26151c,8db1d30ac06dde4bd19d0a86241137ac2be21552
24d9d00b91f99dde3c9a0ea5c79e63f2ed26151c,6c00f661c46391642208a5292f38b5a9e0e09cae
2d906cda427cb2c4a71069423312e57ba4cd5445,6c00f661c46391642208a5292f38b5a9e0e09cae
765051eee0fb1394b62555edb86ba1f7a00892fb,2d906cda427cb2c4a71069423312e57ba4cd5445
765051eee0fb1394b62555edb86ba1f7a00892fb,1f45c9d4d92c51a94c984eb4c2c6e027bbf78038
4aef44e4aeaf28868ae2f1fff2c4eb19ff4df1f6,1f45c9d4d92c51a94c984eb4c2c6e027bbf78038
4aef44e4aeaf28868ae2f1fff2c4eb19ff4df1f6,04c05c6acc970f2ca89af8e436b8dd8189396146
04c05c6acc970f2ca89af8e436b8dd8189396146,3646acd0dc49a00d38517abccfc3a54cb78bbadc
82f59319e581cdfe16a97fe29bec6215ad818a81,3646acd0dc49a00d38517abccfc3a54cb78bbadc
668858489bbec3ce45f7a84a6a557b329f9ec91a,82f59319e581cdfe16a97fe29bec6215ad818a81
900cd128482bbab4d2752d01ce80c55498b78dd2,dd4cfde3e135f799a9a71b4f57e13a29de89f7e3
3646acd0dc49a00d38517abccfc3a54cb78bbadc,900cd128482bbab4d2752d01ce80c55498b78dd2
24d9d00b91f99dde3c9a0ea5c79e63f2ed26151c,3646acd0dc49a00d38517abccfc3a54cb78bbadc
24d9d00b91f99dde3c9a0ea5c79e63f2ed26151c,765051eee0fb1394b62555edb86ba1f7a00892fb
765051eee0fb1394b62555edb86ba1f7a00892fb,7d6168fbd3ed72f9098573007f4b8c2ec9e576b9
7d6168fbd3ed72f9098573007f4b8c2ec9e576b9,8db1d30ac06dde4bd19d0a86241137ac2be21552
95d638e7705ec561382268405bc488df4c26c7f7,8db1d30ac06dde4bd19d0a86241137ac2be21552
4f0e4a313a3f777b4b6aab4f364b9bc51a6aacc9,95d638e7705ec561382268405bc488df4c26c7f7
0fe8f2f55046ad0b8d6337f57a78466790923264,4f0e4a313a3f777b4b6aab4f364b9bc51a6aacc9
0fe8f2f55046ad0b8d6337f57a78466790923264,6c00f661c46391642208a5292f38b5a9e0e09cae
59084df7203c6be33838ba3e3854eb9bda053ed2,6c00f661c46391642208a5292f38b5a9e0e09cae
d3f8d5a9c48ee9f338f25f1be5f3adc7fd5dd855,59084df7203c6be33838ba3e3854eb9bda053ed2
d3f8d5a9c48ee9f338f25f1be5f3adc7fd5dd855,82f59319e581cdfe16a97fe29bec6215ad818a81
69535d3c6ff3238f8e7b2b29c1d40ea9d9d7914f,82f59319e581cdfe16a97fe29bec6215ad818a81
04c05c6acc970f2ca89af8e436b8dd8189396146,69535d3c6ff3238f8e7b2b29c1d40ea9d9d7914f
668075792a7ab40457d92e09da28d35c879271c3,04c05c6acc970f2ca89af8e436b8dd8189396146
668075792a7ab40457d92e09da28d35c879271c3,1f45c9d4d92c51a94c984eb4c2c6e027bbf78038
bde841b0dbbf7a15ee69966a828c7fe2cf532ad9,1f45c9d4d92c51a94c984eb4c2c6e027bbf78038
1122b654f8b47c1aa9c04ff6bbe7561c798e2ad0,bde841b0dbbf7a15ee69966a828c7fe2cf532ad9
2d906cda427cb2c4a71069423312e57ba4cd5445,1122b654f8b47c1aa9c04ff6bbe7561c798e2ad0
2d906cda427cb2c4a71069423312e57ba4cd5445,10feab31bb9e71a0f1094fb00c0554abfb992c4d
10feab31bb9e71a0f1094fb00c0554abfb992c4d,668858489bbec3ce45f7a84a6a557b329f9ec91a
668858489bbec3ce45f7a84a6a557b329f9ec91a,aa89c6bf86486e180833037333555e3492b15c8e
aa89c6bf86486e180833037333555e3492b15c8e,c78350e81298ca87bc1d59b466fa40081232caaa
4aef44e4aeaf28868ae2f1fff2c4eb19ff4df1f6,c78350e81298ca87bc1d59b466fa40081232caaa
6c00f661c46391642208a5292f38b5a9e0e09cae,aa89c6bf86486e180833037333555e3492b15c8e
6c00f661c46391642208a5292f38b5a9e0e09cae,95d638e7705ec561382268405bc488df4c26c7f7
24d9d00b91f99dde3c9a0ea5c79e63f2ed26151c,95d638e7705ec561382268405bc488df4c26c7f7
24d9d00b91f99dde3c9a0ea5c79e63f2ed26151c,59084df7203c6be33838ba3e3854eb9bda053ed2
900cd128482bbab4d2752d01ce80c55498b78dd2,59084df7203c6be33838ba3e3854eb9bda053ed2
04c05c6acc970f2ca89af8e436b8dd8189396146,900cd128482bbab4d2752d01ce80c55498b78dd2
dd4cfde3e135f799a9a71b4f57e13a29de89f7e3,04c05c6acc970f2ca89af8e436b8dd8189396146
4aef44e4aeaf28868ae2f1fff2c4eb19ff4df1f6,dd4cfde3e135f799a9a71b4f57e13a29de89f7e3
4aef44e4aeaf28868ae2f1fff2c4eb19ff4df1f6,3646acd0dc49a00d38517abccfc3a54cb78bbadc
4f0e4a313a3f777b4b6aab4f364b9bc51a6aacc9,3646acd0dc49a00d38517abccfc3a54cb78bbadc
668075792a7ab40457d92e09da28d35c879271c3,4f0e4a313a3f777b4b6aab4f364b9bc51a6aacc9
668075792a7ab40457d92e09da28d35c879271c3,1f45c9d4d92c51a94c984eb4c2c6e027bbf78038
668858489bbec3ce45f7a84a6a557b329f9ec91a,1f45c9d4d92c51a94c984eb4c2c6e027bbf78038
7d6168fbd3ed72f9098573007f4b8c2ec9e576b9,668858489bbec3ce45f7a84a6a557b329f9ec91a
69535d3c6ff3238f8e7b2b29c1d40ea9d9d7914f,7d6168fbd3ed72f9098573007f4b8c2ec9e576b9
1122b654f8b47c1aa9c04ff6bbe7561c798e2ad0,69535d3c6ff3238f8e7b2b29c1d40ea9d9d7914f
1122b654f8b47c1aa9c04ff6bbe7561c798e2ad0,c78350e81298ca87bc1d59b466fa40081232caaa
0fe8f2f55046ad0b8d6337f57a78466790923264,c78350e81298ca87bc1d59b466fa40081232caaa
82f59319e581cdfe16a97fe29bec6215ad818a81,0fe8f2f55046ad0b8d6337f57a78466790923264
d3f8d5a9c48ee9f338f25f1be5f3adc7fd5dd855,82f59319e581cdfe16a97fe29bec6215ad818a81
d3f8d5a9c48ee9f338f25f1be5f3adc7fd5dd855,765051eee0fb1394b62555edb86ba1f7a00892fb
2d906cda427cb2c4a71069423312e57ba4cd5445,765051eee0fb1394b62555edb86ba1f7a00892fb
2d906cda427cb2c4a71069423312e57ba4cd5445,8db1d30ac06dde4bd19d0a86241137ac2be21552
bde841b0dbbf7a15ee69966a828c7fe2cf532ad9,8db1d30ac06dde4bd19d0a86241137ac2be21552
10feab31bb9e71a0f1094fb00c0554abfb992c4d,bde841b0dbbf7a15ee69966a828c7fe2cf532ad9
900cd128482bbab4d2752d01ce80c55498b78dd2,69535d3c6ff3238f8e7b2b29c1d40ea9d9d7914f
69535d3c6ff3238f8e7b2b29c1d40ea9d9d7914f,8db1d30ac06dde4bd19d0a86241137ac2be21552
95d638e7705ec561382268405bc488df4c26c7f7,8db1d30ac06dde4bd19d0a86241137ac2be21552
3646acd0dc49a00d38517abccfc3a54cb78bbadc,95d638e7705ec561382268405bc488df4c26c7f7
6c00f661c46391642208a5292f38b5a9e0e09cae,3646acd0dc49a00d38517abccfc3a54cb78bbadc
d3f8d5a9c48ee9f338f25f1be5f3adc7fd5dd855,6c00f661c46391642208a5292f38b5a9e0e09cae
d3f8d5a9c48ee9f338f25f1be5f3adc7fd5dd855,24d9d00b91f99dde3c9a0ea5c79e63f2ed26151c
24d9d00b91f99dde3c9a0ea5c79e63f2ed26151c,c78350e81298ca87bc1d59b466fa40081232caaa
0fe8f2f55046ad0b8d6337f57a78466790923264,c78350e81298ca87bc1d59b466fa40081232caaa
82f59319e581cdfe16a97fe29bec6215ad818a81,0fe8f2f55046ad0b8d6337f57a78466790923264
59084df7203c6be33838ba3e3854eb9bda053ed2,82f59319e581cdfe16a97fe29bec6215ad818a81
4aef44e4aeaf28868ae2f1fff2c4eb19ff4df1f6,59084df7203c6be33838ba3e3854eb9bda053ed2
4aef44e4aeaf28868ae2f1fff2c4eb19ff4df1f6,aa89c6bf86486e180833037333555e3492b15c8e
765051eee0fb1394b62555edb86ba1f7a00892fb,aa89c6bf86486e180833037333555e3492b15c8e
1122b654f8b47c1aa9c04ff6bbe7561c798e2ad0,765051eee0fb1394b62555edb86ba1f7a00892fb
1122b654f8b47c1aa9c04ff6bbe7561c798e2ad0,7d6168fbd3ed72f9098573007f4b8c2ec9e576b9
2d906cda427cb2c4a71069423312e57ba4cd5445,7d6168fbd3ed72f9098573007f4b8c2ec9e576b9
2d906cda427cb2c4a71069423312e57ba4cd5445,1f45c9d4d92c51a94c984eb4c2c6e027bbf78038
4f0e4a313a3f777b4b6aab4f364b9bc51a6aacc9,1f45c9d4d92c51a94c984eb4c2c6e027bbf78038
dd4cfde3e135f799a9a71b4f57e13a29de89f7e3,4f0e4a313a3f777b4b6aab4f364b9bc51a6aacc9
dd4cfde3e135f799a9a71b4f57e13a29de89f7e3,bde841b0dbbf7a15ee69966a828c7fe2cf532ad9
10feab31bb9e71a0f1094fb00c0554abfb992c4d,bde841b0dbbf7a15ee69966a828c7fe2cf532ad9
668075792a7ab40457d92e09da28d35c879271c3,10feab31bb9e71a0f1094fb00c0554abfb992c4d
668075792a7ab40457d92e09da28d35c879271c3,668858489bbec3ce45f7a84a6a557b329f9ec91a
04c05c6acc970f2ca89af8e436b8dd8189396146,668858489bbec3ce45f7a84a6a557b329f9ec91a
59084df7203c6be33838ba3e3854eb9bda053ed2,bde841b0dbbf7a15ee69966a828c7fe2cf532ad9
59084df7203c6be33838ba3e3854eb9bda053ed2,8db1d30ac06dde4bd19d0a86241137ac2be21552
2d906cda427cb2c4a71069423312e57ba4cd5445,8db1d30ac06dde4bd19d0a86241137ac2be21552
2d906cda427cb2c4a71069423312e57ba4cd5445,0fe8f2f55046ad0b8d6337f57a78466790923264
82f59319e581cdfe16a97fe29bec6215ad818a81,0fe8f2f55046ad0b8d6337f57a78466790923264
82f59319e581cdfe16a97fe29bec6215ad818a81,4f0e4a313a3f777b4b6aab4f364b9bc51a6aacc9
4f0e4a313a3f777b4b6aab4f364b9bc51a6aacc9,10feab31bb9e71a0f1094fb00c0554abfb992c4d
7d6168fbd3ed72f9098573007f4b8c2ec9e576b9,10feab31bb9e71a0f1094fb00c0554abfb992c4d
7d6168fbd3ed72f9098573007f4b8c2ec9e576b9,668075792a7ab40457d92e09da28d35c879271c3
668075792a7ab40457d92e09da28d35c879271c3,95d638e7705ec561382268405bc488df4c26c7f7
24d9d00b91f99dde3c9a0ea5c79e63f2ed26151c,95d638e7705ec561382268405bc488df4c26c7f7
d3f8d5a9c48ee9f338f25f1be5f3adc7fd5dd855,24d9d00b91f99dde3c9a0ea5c79e63f2ed26151c
4aef44e4aeaf28868ae2f1fff2c4eb19ff4df1f6,d3f8d5a9c48ee9f338f25f1be5f3adc7fd5dd855
765051eee0fb1394b62555edb86ba1f7a00892fb,4aef44e4aeaf28868ae2f1fff2c4eb19ff4df1f6
765051eee0fb1394b62555edb86ba1f7a00892fb,3646acd0dc49a00d38517abccfc3a54cb78bbadc
1f45c9d4d92c51a94c984eb4c2c6e027bbf78038,3646acd0dc49a00d38517abccfc3a54cb78bbadc
69535d3c6ff3238f8e7b2b29c1d40ea9d9d7914f,1f45c9d4d92c51a94c984eb4c2c6e027bbf78038
69535d3c6ff3238f8e7b2b29c1d40ea9d9d7914f,668858489bbec3ce45f7a84a6a557b329f9ec91a
668858489bbec3ce45f7a84a6a557b329f9ec91a,c78350e81298ca87bc1d59b466fa40081232caaa
aa89c6bf86486e180833037333555e3492b15c8e,c78350e81298ca87bc1d59b466fa40081232caaa
900cd128482bbab4d2752d01ce80c55498b78dd2,aa89c6bf86486e180833037333555e3492b15c8e
900cd128482bbab4d2752d01ce80c55498b78dd2,6c00f661c46391642208a5292f38b5a9e0e09cae
1122b654f8b47c1aa9c04ff6bbe7561c798e2ad0,6c00f661c46391642208a5292f38b5a9e0e09cae
04c05c6acc970f2ca89af8e436b8dd8189396146,1122b654f8b47c1aa9c04ff6bbe7561c798e2ad0
dd4cfde3e135f799a9a71b4f57e13a29de89f7e3,04c05c6acc970f2ca89af8e436b8dd8189396146
7d6168fbd3ed72f9098573007f4b8c2ec9e576b9,668858489bbec3ce45f7a84a6a557b329f9ec91a
d3f8d5a9c48ee9f338f25f1be5f3adc7fd5dd855,668858489bbec3ce45f7a84a6a557b329f9ec91a
d3f8d5a9c48ee9f338f25f1be5f3adc7fd5dd855,c78350e81298ca87bc1d59b466fa40081232caaa
82f59319e581cdfe16a97fe29bec6215ad818a81,c78350e81298ca87bc1d59b466fa40081232caaa
2d906cda427cb2c4a71069423312e57ba4cd5445,82f59319e581cdfe16a97fe29bec6215ad818a81
2d906cda427cb2c4a71069423312e57ba4cd5445,4f0e4a313a3f777b4b6aab4f364b9bc51a6aacc9
04c05c6acc970f2ca89af8e436b8dd8189396146,4f0e4a313a3f777b4b6aab4f364b9bc51a6aacc9
04c05c6acc970f2ca89af8e436b8dd8189396146,1f45c9d4d92c51a94c984eb4c2c6e027bbf78038
69535d3c6ff3238f8e7b2b29c1d40ea9d9d7914f,1f45c9d4d92c51a94c984eb4c2c6e027bbf78038
69535d3c6ff3238f8e7b2b29c1d40ea9d9d7914f,10feab31bb9e71a0f1094fb00c0554abfb992c4d
10feab31bb9e71a0f1094fb00c0554abfb992c4d,aa89c6bf86486e180833037333555e3492b15c8e
dd4cfde3e135f799a9a71b4f57e13a29de89f7e3,aa89c6bf86486e180833037333555e3492b15c8e
dd4cfde3e135f799a9a71b4f57e13a29de89f7e3,3646acd0dc49a00d38517abccfc3a54cb78bbadc
0fe8f2f55046ad0b8d6337f57a78466790923264,3646acd0dc49a00d38517abccfc3a54cb78bbadc
0fe8f2f55046ad0b8d6337f57a78466790923264,6c00f661c46391642208a5292f38b5a9e0e09cae
bde841b0dbbf7a15ee69966a828c7fe2cf532ad9,6c00f661c46391642208a5292f38b5a9e0e09cae
59084df7203c6be33838ba3e3854eb9bda053ed2,bde841b0dbbf7a15ee69966a828c7fe2cf532ad9
59084df7203c6be33838ba3e3854eb9bda053ed2,8db1d30ac06dde4bd19d0a86241137ac2be21552
95d638e7705ec561382268405bc488df4c26c7f7,8db1d30ac06dde4bd19d0a86241137ac2be21552
668075792a7ab40457d92e09da28d35c879271c3,95d638e7705ec561382268405bc488df4c26c7f7
24d9d00b91f99dde3c9a0ea5c79e63f2ed26151c,668075792a7ab40457d92e09da28d35c879271c3
4aef44e4aeaf28868ae2f1fff2c4eb19ff4df1f6,24d9d00b91f99dde3c9a0ea5c79e63f2ed26151c
4aef44e4aeaf28868ae2f1fff2c4eb19ff4df1f6,900cd128482bbab4d2752d01ce80c55498b78dd2
765051eee0fb1394b62555edb86ba1f7a00892fb,900cd128482bbab4d2752d01ce80c55498b78dd2
1122b654f8b47c1aa9c04ff6bbe7561c798e2ad0,765051eee0fb1394b62555edb86ba1f7a00892fb
69535d3c6ff3238f8e7b2b29c1d40ea9d9d7914f,668858489bbec3ce45f7a84a6a557b329f9ec91a
69535d3c6ff3238f8e7b2b29c1d40ea9d9d7914f,10feab31bb9e71a0f1094fb00c0554abfb992c4d
dd4cfde3e135f799a9a71b4f57e13a29de89f7e3,10feab31bb9e71a0f1094fb00c0554abfb992c4d
bde841b0dbbf7a15ee69966a828c7fe2cf532ad9,dd4cfde3e135f799a9a71b4f57e13a29de89f7e3
1122b654f8b47c1aa9c04ff6bbe7561c798e2ad0,bde841b0dbbf7a15ee69966a828c7fe2cf532ad9
1122b654f8b47c1aa9c04ff6bbe7561c798e2ad0,7d6168fbd3ed72f9098573007f4b8c2ec9e576b9
7d6168fbd3ed72f9098573007f4b8c2ec9e576b9,4f0e4a313a3f777b4b6aab4f364b9bc51a6aacc9
6c00f661c46391642208a5292f38b5a9e0e09cae,4f0e4a313a3f777b4b6aab4f364b9bc51a6aacc9
6c00f661c46391642208a5292f38b5a9e0e09cae,8db1d30ac06dde4bd19d0a86241137ac2be21552
668075792a7ab40457d92e09da28d35c879271c3,8db1d30ac06dde4bd19d0a86241137ac2be21552
82f59319e581cdfe16a97fe29bec6215ad818a81,668075792a7ab40457d92e09da28d35c879271c3
aa89c6bf86486e180833037333555e3492b15c8e,82f59319e581cdfe16a97fe29bec6215ad818a81
24d9d00b91f99dde3c9a0ea5c79e63f2ed26151c,aa89c6bf86486e180833037333555e3492b15c8e
24d9d00b91f99dde3c9a0ea5c79e63f2ed26151c,3646acd0dc49a00d38517abccfc3a54cb78bbadc
900cd128482bbab4d2752d01ce80c55498b78dd2,3646acd0dc49a00d38517abccfc3a54cb78bbadc
900cd128482bbab4d2752d01ce80c55498b78dd2,95d638e7705ec561382268405bc488df4c26c7f7
2d906cda427cb2c4a71069423312e57ba4cd5445,95d638e7705ec561382268405bc488df4c26c7f7
2d906cda427cb2c4a71069423312e57ba4cd5445,1f45c9d4d92c51a94c984eb4c2c6e027bbf78038
4aef44e4aeaf28868ae2f1fff2c4eb19ff4df1f6,1f45c9d4d92c51a94c984eb4c2c6e027bbf78038
4aef44e4aeaf28868ae2f1fff2c4eb19ff4df1f6,0fe8f2f55046ad0b8d6337f57a78466790923264
765051eee0fb1394b62555edb86ba1f7a00892fb,0fe8f2f55046ad0b8d6337f57a78466790923264
765051eee0fb1394b62555edb86ba1f7a00892fb,59084df7203c6be33838ba3e3854eb9bda053ed2
04c05c6acc970f2ca89af8e436b8dd8189396146,59084df7203c6be33838ba3e3854eb9bda053ed2
d3f8d5a9c48ee9f338f25f1be5f3adc7fd5dd855,04c05c6acc970f2ca89af8e436b8dd8189396146
d3f8d5a9c48ee9f338f25f1be5f3adc7fd5dd855,c78350e81298ca87bc1d59b466fa40081232caaa
d3f8d5a9c48ee9f338f25f1be5f3adc7fd5dd855,59084df7203c6be33838ba3e3854eb9bda053ed2
59084df7203c6be33838ba3e3854eb9bda053ed2,95d638e7705ec561382268405bc488df4c26c7f7
3646acd0dc49a00d38517abccfc3a54cb78bbadc,95d638e7705ec561382268405bc488df4c26c7f7
10feab31bb9e71a0f1094fb00c0554abfb992c4d,3646acd0dc49a00d38517abccfc3a54cb78bbadc
dd4cfde3e135f799a9a71b4f57e13a29de89f7e3,10feab31bb9e71a0f1094fb00c0554abfb992c4d
24d9d00b91f99dde3c9a0ea5c79e63f2ed26151c,dd4cfde3e135f799a9a71b4f57e13a29de89f7e3
24d9d00b91f99dde3c9a0ea5c79e63f2ed26151c,bde841b0dbbf7a15ee69966a828c7fe2cf532ad9
82f59319e581cdfe16a97fe29bec6215ad818a81,bde841b0dbbf7a15ee69966a828c7fe2cf532ad9
04c05c6acc970f2ca89af8e436b8dd8189396146,82f59319e581cdfe16a97fe29bec6215ad818a81
7d6168fbd3ed72f9098573007f4b8c2ec9e576b9,04c05c6acc970f2ca89af8e436b8dd8189396146
7d6168fbd3ed72f9098573007f4b8c2ec9e576b9,0fe8f2f55046ad0b8d6337f57a78466790923264
0fe8f2f55046ad0b8d6337f57a78466790923264,1f45c9d4d92c51a94c984eb4c2c6e027bbf78038
668858489bbec3ce45f7a84a6a557b329f9ec91a,1f45c9d4d92c51a94c984eb4c2c6e027bbf78038
668858489bbec3ce45f7a84a6a557b329f9ec91a,aa89c6bf86486e180833037333555e3492b15c8e
900cd128482bbab4d2752d01ce80c55498b78dd2,aa89c6bf86486e180833037333555e3492b15c8e
4aef44e4aeaf28868ae2f1fff2c4eb19ff4df1f6,900cd128482bbab4d2752d01ce80c55498b78dd2
2d906cda427cb2c4a71069423312e57ba4cd5445,4aef44e4aeaf28868ae2f1fff2c4eb19ff4df1f6
2d906cda427cb2c4a71069423312e57ba4cd5445,668075792a7ab40457d92e09da28d35c879271c3
4f0e4a313a3f777b4b6aab4f364b9bc51a6aacc9,668075792a7ab40457d92e09da28d35c879271c3
c78350e81298ca87bc1d59b466fa40081232caaa,4f0e4a313a3f777b4b6aab4f364b9bc51a6aacc9
6c00f661c46391642208a5292f38b5a9e0e09cae,c78350e81298ca87bc1d59b466fa40081232caaa
8db1d30ac06dde4bd19d0a86241137ac2be21552,6c00f661c46391642208a5292f38b5a9e0e09cae
1122b654f8b47c1aa9c04ff6bbe7561c798e2ad0,8db1d30ac06dde4bd19d0a86241137ac2be21552
1122b654f8b47c1aa9c04ff6bbe7561c798e2ad0,765051eee0fb1394b62555edb86ba1f7a00892fb
69535d3c6ff3238f8e7b2b29c1d40ea9d9d7914f,765051eee0fb1394b62555edb86ba1f7a00892fb
24d9d00b91f99dde3c9a0ea5c79e63f2ed26151c,668075792a7ab40457d92e09da28d35c879271c3
24d9d00b91f99dde3c9a0ea5c79e63f2ed26151c,3646acd0dc49a00d38517abccfc3a54cb78bbadc
3646acd0dc49a00d38517abccfc3a54cb78bbadc,6c00f661c46391642208a5292f38b5a9e0e09cae
900cd128482bbab4d2752d01ce80c55498b78dd2,6c00f661c46391642208a5292f38b5a9e0e09cae
82f59319e581cdfe16a97fe29bec6215ad818a81,900cd128482bbab4d2752d01ce80c55498b78dd2
82f59319e581cdfe16a97fe29bec6215ad818a81,aa89c6bf86486e180833037333555e3492b15c8e
4f0e4a313a3f777b4b6aab4f364b9bc51a6aacc9,aa89c6bf86486e180833037333555e3492b15c8e
bde841b0dbbf7a15ee69966a828c7fe2cf532ad9,4f0e4a313a3f777b4b6aab4f364b9bc51a6aacc9
1122b654f8b47c1aa9c04ff6bbe7561c798e2ad0,bde841b0dbbf7a15ee69966a828c7fe2cf532ad9
1122b654f8b47c1aa9c04ff6bbe7561c798e2ad0,0fe8f2f55046ad0b8d6337f57a78466790923264
0fe8f2f55046ad0b8d6337f57a78466790923264,10feab31bb9e71a0f1094fb00c0554abfb992c4d
10feab31bb9e71a0f1094fb00c0554abfb992c4d,95d638e7705ec561382268405bc488df4c26c7f7
2d906cda427cb2c4a71069423312e57ba4cd5445,95d638e7705ec561382268405bc488df4c26c7f7
2d906cda427cb2c4a71069423312e57ba4cd5445,1f45c9d4d92c51a94c984eb4c2c6e027bbf78038
668858489bbec3ce45f7a84a6a557b329f9ec91a,1f45c9d4d92c51a94c984eb4c2c6e027bbf78038
668858489bbec3ce45f7a84a6a557b329f9ec91a,8db1d30ac06dde4bd19d0a86241137ac2be21552
4aef44e4aeaf28868ae2f1fff2c4eb19ff4df1f6,8db1d30ac06dde4bd19d0a86241137ac2be21552
765051eee0fb1394b62555edb86ba1f7a00892fb,4aef44e4aeaf28868ae2f1fff2c4eb19ff4df1f6
d3f8d5a9c48ee9f338f25f1be5f3adc7fd5dd855,765051eee0fb1394b62555edb86ba1f7a00892fb
d3f8d5a9c48ee9f338f25f1be5f3adc7fd5dd855,dd4cfde3e135f799a9a71b4f57e13a29de89f7e3
7d6168fbd3ed72f9098573007f4b8c2ec9e576b9,dd4cfde3e135f799a9a71b4f57e13a29de89f7e3
04c05c6acc970f2ca89af8e436b8dd8189396146,7d6168fbd3ed72f9098573007f4b8c2ec9e576b9
04c05c6acc970f2ca89af8e436b8dd8189396146,c78350e81298ca87bc1d59b466fa40081232caaa
69535d3c6ff3238f8e7b2b29c1d40ea9d9d7914f,c78350e81298ca87bc1d59b466fa40081232caaa
69535d3c6ff3238f8e7b2b29c1d40ea9d9d7914f,59084df7203c6be33838ba3e3854eb9bda053ed2
4f0e4a313a3f777b4b6aab4f364b9bc51a6aacc9,95d638e7705ec561382268405bc488df4c26c7f7
4f0e4a313a3f777b4b6aab4f364b9bc51a6aacc9,bde841b0dbbf7a15ee69966a828c7fe2cf532ad9
bde841b0dbbf7a15ee69966a828c7fe2cf532ad9,8db1d30ac06dde4bd19d0a86241137ac2be21552
1f45c9d4d92c51a94c984eb4c2c6e027bbf78038,8db1d30ac06dde4bd19d0a86241137ac2be21552
2d906cda427cb2c4a71069423312e57ba4cd5445,1f45c9d4d92c51a94c984eb4c2c6e027bbf78038
2d906cda427cb2c4a71069423312e57ba4cd5445,aa89c6bf86486e180833037333555e3492b15c8e
dd4cfde3e135f799a9a71b4f57e13a29de89f7e3,aa89c6bf86486e180833037333555e3492b15c8e
82f59319e581cdfe16a97fe29bec6215ad818a81,dd4cfde3e135f799a9a71b4f57e13a29de89f7e3
69535d3c6ff3238f8e7b2b29c1d40ea9d9d7914f,82f59319e581cdfe16a97fe29bec6215ad818a81
69535d3c6ff3238f8e7b2b29c1d40ea9d9d7914f,900cd128482bbab4d2752d01ce80c55498b78dd2
04c05c6acc970f2ca89af8e436b8dd8189396146,900cd128482bbab4d2752d01ce80c55498b78dd2
04c05c6acc970f2ca89af8e436b8dd8189396146,10feab31bb9e71a0f1094fb00c0554abfb992c4d
10feab31bb9e71a0f1094fb00c0554abfb992c4d,c78350e81298ca87bc1d59b466fa40081232caaa
1122b654f8b47c1aa9c04ff6bbe7561c798e2ad0,c78350e81298ca87bc1d59b466fa40081232caaa
1122b654f8b47c1aa9c04ff6bbe7561c798e2ad0,7d6168fbd3ed72f9098573007f4b8c2ec9e576b9
7d6168fbd3ed72f9098573007f4b8c2ec9e576b9,3646acd0dc49a00d38517abccfc3a54cb78bbadc
0fe8f2f55046ad0b8d6337f57a78466790923264,3646acd0dc49a00d38517abccfc3a54cb78bbadc
668075792a7ab40457d92e09da28d35c879271c3,0fe8f2f55046ad0b8d6337f57a78466790923264
668075792a7ab40457d92e09da28d35c879271c3,6c00f661c46391642208a5292f38b5a9e0e09cae
59084df7203c6be33838ba3e3854eb9bda053ed2,6c00f661c46391642208a5292f38b5a9e0e09cae
24d9d00b91f99dde3c9a0ea5c79e63f2ed26151c,59084df7203c6be33838ba3e3854eb9bda053ed2
d3f8d5a9c48ee9f338f25f1be5f3adc7fd5dd855,24d9d00b91f99dde3c9a0ea5c79e63f2ed26151c
d3f8d5a9c48ee9f338f25f1be5f3adc7fd5dd855,765051eee0fb1394b62555edb86ba1f7a00892fb
4aef44e4aeaf28868ae2f1fff2c4eb19ff4df1f6,765051eee0fb1394b62555edb86ba1f7a00892fb
4aef44e4aeaf28868ae2f1fff2c4eb19ff4df1f6,668858489bbec3ce45f7a84a6a557b329f9ec91a
668075792a7ab40457d92e09da28d35c879271c3,1f45c9d4d92c51a94c984eb4c2c6e027bbf78038
668075792a7ab40457d92e09da28d35c879271c3,6c00f661c46391642208a5292f38b5a9e0e09cae
2d906cda427cb2c4a71069423312e57ba4cd5445,6c00f661c46391642208a5292f38b5a9e0e09cae
d3f8d5a9c48ee9f338f25f1be5f3adc7fd5dd855,2d906cda427cb2c4a71069423312e57ba4cd5445
d3f8d5a9c48ee9f338f25f1be5f3adc7fd5dd855,59084df7203c6be33838ba3e3854eb9bda053ed2
59084df7203c6be33838ba3e3854eb9bda053ed2,3646acd0dc49a00d38517abccfc3a54cb78bbadc
24d9d00b91f99dde3c9a0ea5c79e63f2ed26151c,3646acd0dc49a00d38517abccfc3a54cb78bbadc
24d9d00b91f99dde3c9a0ea5c79e63f2ed26151c,aa89c6bf86486e180833037333555e3492b15c8e
aa89c6bf86486e180833037333555e3492b15c8e,95d638e7705ec561382268405bc488df4c26c7f7
668858489bbec3ce45f7a84a6a557b329f9ec91a,95d638e7705ec561382268405bc488df4c26c7f7
668858489bbec3ce45f7a84a6a557b329f9ec91a,8db1d30ac06dde4bd19d0a86241137ac2be21552
bde841b0dbbf7a15ee69966a828c7fe2cf532ad9,8db1d30ac06dde4bd19d0a86241137ac2be21552
4f0e4a313a3f777b4b6aab4f364b9bc51a6aacc9,bde841b0dbbf7a15ee69966a828c7fe2cf532ad9
82f59319e581cdfe16a97fe29bec6215ad818a81,4f0e4a313a3f777b4b6aab4f364b9bc51a6aacc9
0fe8f2f55046ad0b8d6337f57a78466790923264,82f59319e581cdfe16a97fe29bec6215ad818a81
765051eee0fb1394b62555edb86ba1f7a00892fb,0fe8f2f55046ad0b8d6337f57a78466790923264
1122b654f8b47c1aa9c04ff6bbe7561c798e2ad0,765051eee0fb1394b62555edb86ba1f7a00892fb
900cd128482bbab4d2752d01ce80c55498b78dd2,1122b654f8b47c1aa9c04ff6bbe7561c798e2ad0
69535d3c6ff3238f8e7b2b29c1d40ea9d9d7914f,900cd128482bbab4d2752d01ce80c55498b78dd2
69535d3c6ff3238f8e7b2b29c1d40ea9d9d7914f,dd4cfde3e135f799a9a71b4f57e13a29de89f7e3
dd4cfde3e135f799a9a71b4f57e13a29de89f7e3,c78350e81298ca87bc1d59b466fa40081232caaa
7d6168fbd3ed72f9098573007f4b8c2ec9e576b9,c78350e81298ca87bc1d59b466fa40081232caaa
4aef44e4aeaf28868ae2f1fff2c4eb19ff4df1f6,7d6168fbd3ed72f9098573007f4b8c2ec9e576b9
4aef44e4aeaf28868ae2f1fff2c4eb19ff4df1f6,10feab31bb9e71a0f1094fb00c0554abfb992c4d
04c05c6acc970f2ca89af8e436b8dd8189396146,10feab31bb9e71a0f1094fb00c0554abfb992c4d
24d9d00b91f99dde3c9a0ea5c79e63f2ed26151c,bde841b0dbbf7a15ee69966a828c7fe2cf532ad9
bde841b0dbbf7a15ee69966a828c7fe2cf532ad9,8db1d30ac06dde4bd19d0a86241137ac2be21552
1f45c9d4d92c51a94c984eb4c2c6e027bbf78038,8db1d30ac06dde4bd19d0a86241137ac2be21552
668075792a7ab40457d92e09da28d35c879271c3,1f45c9d4d92c51a94c984eb4c2c6e027bbf78038
668075792a7ab40457d92e09da28d35c879271c3,4f0e4a313a3f777b4b6aab4f364b9bc51a6aacc9
7d6168fbd3ed72f9098573007f4b8c2ec9e576b9,4f0e4a313a3f777b4b6aab4f364b9bc51a6aacc9
d3f8d5a9c48ee9f338f25f1be5f3adc7fd5dd855,7d6168fbd3ed72f9098573007f4b8c2ec9e576b9
d3f8d5a9c48ee9f338f25f1be5f3adc7fd5dd855,aa89c6bf86486e180833037333555e3492b15c8e
dd4cfde3e135f799a9a71b4f57e13a29de89f7e3,aa89c6bf86486e180833037333555e3492b15c8e
765051eee0fb1394b62555edb86ba1f7a00892fb,dd4cfde3e135f799a9a71b4f57e13a29de89f7e3
765051eee0fb1394b62555edb86ba1f7a00892fb,6c00f661c46391642208a5292f38b5a9e0e09cae
1122b654f8b47c1aa9c04ff6bbe7561c798e2ad0,6c00f661c46391642208a5292f38b5a9e0e09cae
1122b654f8b47c1aa9c04ff6bbe7561c798e2ad0,82f59319e581cdfe16a97fe29bec6215ad818a81
59084df7203c6be33838ba3e3854eb9bda053ed2,82f59319e581cdfe16a97fe29bec6215ad818a81
04c05c6acc970f2ca89af8e436b8dd8189396146,59084df7203c6be33838ba3e3854eb9bda053ed2
04c05c6acc970f2ca89af8e436b8dd8189396146,10feab31bb9e71a0f1094fb00c0554abfb992c4d
4aef44e4aeaf28868ae2f1fff2c4eb19ff4df1f6,10feab31bb9e71a0f1094fb00c0554abfb992c4d
4aef44e4aeaf28868ae2f1fff2c4eb19ff4df1f6,3646acd0dc49a00d38517abccfc3a54cb78bbadc
69535d3c6ff3238f8e7b2b29c1d40ea9d9d7914f,3646acd0dc49a00d38517abccfc3a54cb78bbadc
69535d3c6ff3238f8e7b2b29c1d40ea9d9d7914f,900cd128482bbab4d2752d01ce80c55498b78dd2
900cd128482bbab4d2752d01ce80c55498b78dd2,2d906cda427cb2c4a71069423312e57ba4cd5445
2d906cda427cb2c4a71069423312e57ba4cd5445,668858489bbec3ce45f7a84a6a557b329f9ec91a
668858489bbec3ce45f7a84a6a557b329f9ec91a,95d638e7705ec561382268405bc488df4c26c7f7
c78350e81298ca87bc1d59b466fa40081232caaa,95d638e7705ec561382268405bc488df4c26c7f7
0fe8f2f55046ad0b8d6337f57a78466790923264,c78350e81298ca87bc1d59b466fa40081232caaa
69535d3c6ff3238f8e7b2b29c1d40ea9d9d7914f,aa89c6bf86486e180833037333555e3492b15c8e
1122b654f8b47c1aa9c04ff6bbe7561c798e2ad0,aa89c6bf86486e180833037333555e3492b15c8e
900cd128482bbab4d2752d01ce80c55498b78dd2,1122b654f8b47c1aa9c04ff6bbe7561c798e2ad0
3646acd0dc49a00d38517abccfc3a54cb78bbadc,900cd128482bbab4d2752d01ce80c55498b78dd2
2d906cda427cb2c4a71069423312e57ba4cd5445,3646acd0dc49a00d38517abccfc3a54cb78bbadc
2d906cda427cb2c4a71069423312e57ba4cd5445,4f0e4a313a3f777b4b6aab4f364b9bc51a6aacc9
668858489bbec3ce45f7a84a6a557b329f9ec91a,4f0e4a313a3f777b4b6aab4f364b9bc51a6aacc9
d3f8d5a9c48ee9f338f25f1be5f3adc7fd5dd855,668858489bbec3ce45f7a84a6a557b329f9ec91a
d3f8d5a9c48ee9f338f25f1be5f3adc7fd5dd855,6c00f661c46391642208a5292f38b5a9e0e09cae
bde841b0dbbf7a15ee69966a828c7fe2cf532ad9,6c00f661c46391642208a5292f38b5a9e0e09cae
82f59319e581cdfe16a97fe29bec6215ad818a81,bde841b0dbbf7a15ee69966a828c7fe2cf532ad9
765051eee0fb1394b62555edb86ba1f7a00892fb,82f59319e581cdfe16a97fe29bec6215ad818a81
765051eee0fb1394b62555edb86ba1f7a00892fb,7d6168fbd3ed72f9098573007f4b8c2ec9e576b9
7d6168fbd3ed72f9098573007f4b8c2ec9e576b9,8db1d30ac06dde4bd19d0a86241137ac2be21552
24d9d00b91f99dde3c9a0ea5c79e63f2ed26151c,8db1d30ac06dde4bd19d0a86241137ac2be21552
4aef44e4aeaf28868ae2f1fff2c4eb19ff4df1f6,24d9d00b91f99dde3c9a0ea5c79e63f2ed26151c
4aef44e4aeaf28868ae2f1fff2c4eb19ff4df1f6,668075792a7ab40457d92e09da28d35c879271c3
dd4cfde3e135f799a9a71b4f57e13a29de89f7e3,668075792a7ab40457d92e09da28d35c879271c3
dd4cfde3e135f799a9a71b4f57e13a29de89f7e3,10feab31bb9e71a0f1094fb00c0554abfb992c4d
04c05c6acc970f2ca89af8e436b8dd8189396146,10feab31bb9e71a0f1094fb00c0554abfb992c4d
04c05c6acc970f2ca89af8e436b8dd8189396146,c78350e81298ca87bc1d59b466fa40081232caaa
1f45c9d4d92c51a94c984eb4c2c6e027bbf78038,c78350e81298ca87bc1d59b466fa40081232caaa
59084df7203c6be33838ba3e3854eb9bda053ed2,1f45c9d4d92c51a94c984eb4c2c6e027bbf78038
0fe8f2f55046ad0b8d6337f57a78466790923264,59084df7203c6be33838ba3e3854eb9bda053ed2
0fe8f2f55046ad0b8d6337f57a78466790923264,95d638e7705ec561382268405bc488df4c26c7f7
765051eee0fb1394b62555edb86ba1f7a00892fb,7d6168fbd3ed72f9098573007f4b8c2ec9e576b9
7d6168fbd3ed72f9098573007f4b8c2ec9e576b9,aa89c6bf86486e180833037333555e3492b15c8e
900cd128482bbab4d2752d01ce80c55498b78dd2,aa89c6bf86486e180833037333555e3492b15c8e
4aef44e4aeaf28868ae2f1fff2c4eb19ff4df1f6,900cd128482bbab4d2752d01ce80c55498b78dd2
4aef44e4aeaf28868ae2f1fff2c4eb19ff4df1f6,4f0e4a313a3f777b4b6aab4f364b9bc51a6aacc9
10feab31bb9e71a0f1094fb00c0554abfb992c4d,4f0e4a313a3f777b4b6aab4f364b9bc51a6aacc9
04c05c6acc970f2ca89af8e436b8dd8189396146,10feab31bb9e71a0f1094fb00c0554abfb992c4d
04c05c6acc970f2ca89af8e436b8dd8189396146,3646acd0dc49a00d38517abccfc3a54cb78bbadc
668075792a7ab40457d92e09da28d35c879271c3,3646acd0dc49a00d38517abccfc3a54cb78bbadc
668075792a7ab40457d92e09da28d35c879271c3,668858489bbec3ce45f7a84a6a557b329f9ec91a
95d638e7705ec561382268405bc488df4c26c7f7,668858489bbec3ce45f7a84a6a557b329f9ec91a
0fe8f2f55046ad0b8d6337f57a78466790923264,95d638e7705ec561382268405bc488df4c26c7f7
0fe8f2f55046ad0b8d6337f57a78466790923264,82f59319e581cdfe16a97fe29bec6215ad818a81
bde841b0dbbf7a15ee69966a828c7fe2cf532ad9,82f59319e581cdfe16a97fe29bec6215ad818a81
1122b654f8b47c1aa9c04ff6bbe7561c798e2ad0,bde841b0dbbf7a15ee69966a828c7fe2cf532ad9
d3f8d5a9c48ee9f338f25f1be5f3adc7fd5dd855,1122b654f8b47c1aa9c04ff6bbe7561c798e2ad0
d3f8d5a9c48ee9f338f25f1be5f3adc7fd5dd855,8db1d30ac06dde4bd19d0a86241137ac2be21552
59084df7203c6be33838ba3e3854eb9bda053ed2,8db1d30ac06dde4bd19d0a86241137ac2be21552
59084df7203c6be33838ba3e3854eb9bda053ed2,1f45c9d4d92c51a94c984eb4c2c6e027bbf78038
c78350e81298ca87bc1d59b466fa40081232caaa,1f45c9d4d92c51a94c984eb4c2c6e027bbf78038
24d9d00b91f99dde3c9a0ea5c79e63f2ed26151c,c78350e81298ca87bc1d59b466fa40081232caaa
24d9d00b91f99dde3c9a0ea5c79e63f2ed26151c,dd4cfde3e135f799a9a71b4f57e13a29de89f7e3
2d906cda427cb2c4a71069423312e57ba4cd5445,dd4cfde3e135f799a9a71b4f57e13a29de89f7e3
69535d3c6ff3238f8e7b2b29c1d40ea9d9d7914f,2d906cda427cb2c4a71069423312e57ba4cd5445
69535d3c6ff3238f8e7b2b29c1d40ea9d9d7914f,6c00f661c46391642208a5292f38b5a9e0e09cae
7d6168fbd3ed72f9098573007f4b8c2ec9e576b9,c78350e81298ca87bc1d59b466fa40081232caaa
69535d3c6ff3238f8e7b2b29c1d40ea9d9d7914f,c78350e81298ca87bc1d59b466fa40081232caaa
69535d3c6ff3238f8e7b2b29c1d40ea9d9d7914f,95d638e7705ec561382268405bc488df4c26c7f7
aa89c6bf86486e180833037333555e3492b15c8e,95d638e7705ec561382268405bc488df4c26c7f7
d3f8d5a9c48ee9f338f25f1be5f3adc7fd5dd855,aa89c6bf86486e180833037333555e3492b15c8e
d3f8d5a9c48ee9f338f25f1be5f3adc7fd5dd855,765051eee0fb1394b62555edb86ba1f7a00892fb
765051eee0fb1394b62555edb86ba1f7a00892fb,3646acd0dc49a00d38517abccfc3a54cb78bbadc
59084df7203c6be33838ba3e3854eb9bda053ed2,3646acd0dc49a00d38517abccfc3a54cb78bbadc
24d9d00b91f99dde3c9a0ea5c79e63f2ed26151c,59084df7203c6be33838ba3e3854eb9bda053ed2
24d9d00b91f99dde3c9a0ea5c79e63f2ed26151c,6c00f661c46391642208a5292f38b5a9e0e09cae
1f45c9d4d92c51a94c984eb4c2c6e027bbf78038,6c00f661c46391642208a5292f38b5a9e0e09cae
dd4cfde3e135f799a9a71b4f57e13a29de89f7e3,1f45c9d4d92c51a94c984eb4c2c6e027bbf78038
900cd128482bbab4d2752d01ce80c55498b78dd2,dd4cfde3e135f799a9a71b4f57e13a29de89f7e3
4aef44e4aeaf28868ae2f1fff2c4eb19ff4df1f6,900cd128482bbab4d2752d01ce80c55498b78dd2
4aef44e4aeaf28868ae2f1fff2c4eb19ff4df1f6,bde841b0dbbf7a15ee69966a828c7fe2cf532ad9
2d906cda427cb2c4a71069423312e57ba4cd5445,bde841b0dbbf7a15ee69966a828c7fe2cf532ad9
2d906cda427cb2c4a71069423312e57ba4cd5445,668858489bbec3ce45f7a84a6a557b329f9ec91a
1122b654f8b47c1aa9c04ff6bbe7561c798e2ad0,668858489bbec3ce45f7a84a6a557b329f9ec91a
1122b654f8b47c1aa9c04ff6bbe7561c798e2ad0,0fe8f2f55046ad0b8d6337f57a78466790923264
04c05c6acc970f2ca89af8e436b8dd8189396146,0fe8f2f55046ad0b8d6337f57a78466790923264
04c05c6acc970f2ca89af8e436b8dd8189396146,668075792a7ab40457d92e09da28d35c879271c3
668075792a7ab40457d92e09da28d35c879271c3,10feab31bb9e71a0f1094fb00c0554abfb992c4d
10feab31bb9e71a0f1094fb00c0554abfb992c4d,4f0e4a313a3f777b4b6aab4f364b9bc51a6aacc9
4f0e4a313a3f777b4b6aab4f364b9bc51a6aacc9,8db1d30ac06dde4bd19d0a86241137ac2be21552
82f59319e581cdfe16a97fe29bec6215ad818a81,8db1d30ac06dde4bd19d0a86241137ac2be21552
7d6168fbd3ed72f9098573007f4b8c2ec9e576b9,82f59319e581cdfe16a97fe29bec6215ad818a81
82f59319e581cdfe16a97fe29bec6215ad818a81,1f45c9d4d92c51a94c984eb4c2c6e027bbf78038
668858489bbec3ce45f7a84a6a557b329f9ec91a,1f45c9d4d92c51a94c984eb4c2c6e027bbf78038
0fe8f2f55046ad0b8d6337f57a78466790923264,668858489bbec3ce45f7a84a6a557b329f9ec91a
0fe8f2f55046ad0b8d6337f57a78466790923264,3646acd0dc49a00d38517abccfc3a54cb78bbadc
2d906cda427cb2c4a71069423312e57ba4cd5445,3646acd0dc49a00d38517abccfc3a54cb78bbadc
2d906cda427cb2c4a71069423312e57ba4cd5445,c78350e81298ca87bc1d59b466fa40081232caaa
1122b654f8b47c1aa9c04ff6bbe7561c798e2ad0,c78350e81298ca87bc1d59b466fa40081232caaa
69535d3c6ff3238f8e7b2b29c1d40ea9d9d7914f,1122b654f8b47c1aa9c04ff6bbe7561c798e2ad0
69535d3c6ff3238f8e7b2b29c1d40ea9d9d7914f,668075792a7ab40457d92e09da28d35c879271c3
668075792a7ab40457d92e09da28d35c879271c3,4f0e4a313a3f777b4b6aab4f364b9bc51a6aacc9
8db1d30ac06dde4bd19d0a86241137ac2be21552,4f0e4a313a3f777b4b6aab4f364b9bc51a6aacc9
bde841b0dbbf7a15ee69966a828c7fe2cf532ad9,8db1d30ac06dde4bd19d0a86241137ac2be21552
765051eee0fb1394b62555edb86ba1f7a00892fb,bde841b0dbbf7a15ee69966a828c7fe2cf532ad9
765051eee0fb1394b62555edb86ba1f7a00892fb,aa89c6bf86486e180833037333555e3492b15c8e
04c05c6acc970f2ca89af8e436b8dd8189396146,aa89c6bf86486e180833037333555e3492b15c8e
59084df7203c6be33838ba3e3854eb9bda053ed2,04c05c6acc970f2ca89af8e436b8dd8189396146
d3f8d5a9c48ee9f338f25f1be5f3adc7fd5dd855,59084df7203c6be33838ba3e3854eb9bda053ed2
d3f8d5a9c48ee9f338f25f1be5f3adc7fd5dd855,dd4cfde3e135f799a9a71b4f57e13a29de89f7e3
dd4cfde3e135f799a9a71b4f57e13a29de89f7e3,95d638e7705ec561382268405bc488df4c26c7f7
6c00f661c46391642208a5292f38b5a9e0e09cae,95d638e7705ec561382268405bc488df4c26c7f7
900cd128482bbab4d2752d01ce80c55498b78dd2,6c00f661c46391642208a5292f38b5a9e0e09cae
10feab31bb9e71a0f1094fb00c0554abfb992c4d,900cd128482bbab4d2752d01ce80c55498b78dd2
4aef44e4aeaf28868ae2f1fff2c4eb19ff4df1f6,10feab31bb9e71a0f1094fb00c0554abfb992c4d
24d9d00b91f99dde3c9a0ea5c79e63f2ed26151c,4aef44e4aeaf28868ae2f1fff2c4eb19ff4df1f6
aa89c6bf86486e180833037333555e3492b15c8e,1f45c9d4d92c51a94c984eb4c2c6e027bbf78038
668858489bbec3ce45f7a84a6a557b329f9ec91a,1f45c9d4d92c51a94c984eb4c2c6e027bbf78038
668075792a7ab40457d92e09da28d35c879271c3,668858489bbec3ce45f7a84a6a557b329f9ec91a
59084df7203c6be33838ba3e3854eb9bda053ed2,668075792a7ab40457d92e09da28d35c879271c3
59084df7203c6be33838ba3e3854eb9bda053ed2,4f0e4a313a3f777b4b6aab4f364b9bc51a6aacc9
2d906cda427cb2c4a71069423312e57ba4cd5445,4f0e4a313a3f777b4b6aab4f364b9bc51a6aacc9
2d906cda427cb2c4a71069423312e57ba4cd5445,c78350e81298ca87bc1d59b466fa40081232caaa
4aef44e4aeaf28868ae2f1fff2c4eb19ff4df1f6,c78350e81298ca87bc1d59b466fa40081232caaa
4aef44e4aeaf28868ae2f1fff2c4eb19ff4df1f6,10feab31bb9e71a0f1094fb00c0554abfb992c4d
1122b654f8b47c1aa9c04ff6bbe7561c798e2ad0,10feab31bb9e71a0f1094fb00c0554abfb992c4d
1122b654f8b47c1aa9c04ff6bbe7561c798e2ad0,0fe8f2f55046ad0b8d6337f57a78466790923264
0fe8f2f55046ad0b8d6337f57a78466790923264,95d638e7705ec561382268405bc488df4c26c7f7
765051eee0fb1394b62555edb86ba1f7a00892fb,95d638e7705ec561382268405bc488df4c26c7f7
765051eee0fb1394b62555edb86ba1f7a00892fb,bde841b0dbbf7a15ee69966a828c7fe2cf532ad9
69535d3c6ff3238f8e7b2b29c1d40ea9d9d7914f,bde841b0dbbf7a15ee69966a828c7fe2cf532ad9
d3f8d5a9c48ee9f338f25f1be5f3adc7fd5dd855,69535d3c6ff3238f8e7b2b29c1d40ea9d9d7914f
d3f8d5a9c48ee9f338f25f1be5f3adc7fd5dd855,900cd128482bbab4d2752d01ce80c55498b78dd2
dd4cfde3e135f799a9a71b4f57e13a29de89f7e3,900cd128482bbab4d2752d01ce80c55498b78dd2
dd4cfde3e135f799a9a71b4f57e13a29de89f7e3,8db1d30ac06dde4bd19d0a86241137ac2be21552
04c05c6acc970f2ca89af8e436b8dd8189396146,8db1d30ac06dde4bd19d0a86241137ac2be21552
04c05c6acc970f2ca89af8e436b8dd8189396146,6c00f661c46391642208a5292f38b5a9e0e09cae
82f59319e581cdfe16a97fe29bec6215ad818a81,6c00f661c46391642208a5292f38b5a9e0e09cae
24d9d00b91f99dde3c9a0ea5c79e63f2ed26151c,82f59319e581cdfe16a97fe29bec6215ad818a81
24d9d00b91f99dde3c9a0ea5c79e63f2ed26151c,3646acd0dc49a00d38517abccfc3a54cb78bbadc
7d6168fbd3ed72f9098573007f4b8c2ec9e576b9,3646acd0dc49a00d38517abccfc3a54cb78bbadc
1122b654f8b47c1aa9c04ff6bbe7561c798e2ad0,1f45c9d4d92c51a94c984eb4c2c6e027bbf78038
900cd128482bbab4d2752d01ce80c55498b78dd2,1f45c9d4d92c51a94c984eb4c2c6e027bbf78038
900cd128482bbab4d2752d01ce80c55498b78dd2,aa89c6bf86486e180833037333555e3492b15c8e
bde841b0dbbf7a15ee69966a828c7fe2cf532ad9,aa89c6bf86486e180833037333555e3492b15c8e
668858489bbec3ce45f7a84a6a557b329f9ec91a,bde841b0dbbf7a15ee69966a828c7fe2cf532ad9
2d906cda427cb2c4a71069423312e57ba4cd5445,668858489bbec3ce45f7a84a6a557b329f9ec91a
24d9d00b91f99dde3c9a0ea5c79e63f2ed26151c,2d906cda427cb2c4a71069423312e57ba4cd5445
24d9d00b91f99dde3c9a0ea5c79e63f2ed26151c,6c00f661c46391642208a5292f38b5a9e0e09cae
dd4cfde3e135f799a9a71b4f57e13a29de89f7e3,6c00f661c46391642208a5292f38b5a9e0e09cae
765051eee0fb1394b62555edb86ba1f7a00892fb,dd4cfde3e135f799a9a71b4f57e13a29de89f7e3
765051eee0fb1394b62555edb86ba1f7a00892fb,0fe8f2f55046ad0b8d6337f57a78466790923264
d3f8d5a9c48ee9f338f25f1be5f3adc7fd5dd855,0fe8f2f55046ad0b8d6337f57a78466790923264
d3f8d5a9c48ee9f338f25f1be5f3adc7fd5dd855,7d6168fbd3ed72f9098573007f4b8c2ec9e576b9
7d6168fbd3ed72f9098573007f4b8c2ec9e576b9,95d638e7705ec561382268405bc488df4c26c7f7
04c05c6acc970f2ca89af8e436b8dd8189396146,95d638e7705ec561382268405bc488df4c26c7f7
04c05c6acc970f2ca89af8e436b8dd8189396146,c78350e81298ca87bc1d59b466fa40081232caaa
668075792a7ab40457d92e09da28d35c879271c3,c78350e81298ca87bc1d59b466fa40081232caaa
4aef44e4aeaf28868ae2f1fff2c4eb19ff4df1f6,668075792a7ab40457d92e09da28d35c879271c3
69535d3c6ff3238f8e7b2b29c1d40ea9d9d7914f,4aef44e4aeaf28868ae2f1fff2c4eb19ff4df1f6
69535d3c6ff3238f8e7b2b29c1d40ea9d9d7914f,59084df7203c6be33838ba3e3854eb9bda053ed2
59084df7203c6be33838ba3e3854eb9bda053ed2,8db1d30ac06dde4bd19d0a86241137ac2be21552
3646acd0dc49a00d38517abccfc3a54cb78bbadc,8db1d30ac06dde4bd19d0a86241137ac2be21552
4f0e4a313a3f777b4b6aab4f364b9bc51a6aacc9,3646acd0dc49a00d38517abccfc3a54cb78bbadc
10feab31bb9e71a0f1094fb00c0554abfb992c4d,4f0e4a313a3f777b4b6aab4f364b9bc51a6aacc9
82f59319e581cdfe16a97fe29bec6215ad818a81,10feab31bb9e71a0f1094fb00c0554abfb992c4d
765051eee0fb1394b62555edb86ba1f7a00892fb,7d6168fbd3ed72f9098573007f4b8c2ec9e576b9
765051eee0fb1394b62555edb86ba1f7a00892fb,69535d3c6ff3238f8e7b2b29c1d40ea9d9d7914f
69535d3c6ff3238f8e7b2b29c1d40ea9d9d7914f,4aef44e4aeaf28868ae2f1fff2c4eb19ff4df1f6
4aef44e4aeaf28868ae2f1fff2c4eb19ff4df1f6,04c05c6acc970f2ca89af8e436b8dd8189396146
04c05c6acc970f2ca89af8e436b8dd8189396146,1f45c9d4d92c51a94c984eb4c2c6e027bbf78038
8db1d30ac06dde4bd19d0a86241137ac2be21552,1f45c9d4d92c51a94c984eb4c2c6e027bbf78038
668858489bbec3ce45f7a84a6a557b329f9ec91a,8db1d30ac06dde4bd19d0a86241137ac2be21552
0fe8f2f55046ad0b8d6337f57a78466790923264,668858489bbec3ce45f7a84a6a557b329f9ec91a
0fe8f2f55046ad0b8d6337f57a78466790923264,bde841b0dbbf7a15ee69966a828c7fe2cf532ad9
2d906cda427cb2c4a71069423312e57ba4cd5445,bde841b0dbbf7a15ee69966a828c7fe2cf532ad9
2d906cda427cb2c4a71069423312e57ba4cd5445,82f59319e581cdfe16a97fe29bec6215ad818a81
82f59319e581cdfe16a97fe29bec6215ad818a81,c78350e81298ca87bc1d59b466fa40081232caaa
668075792a7ab40457d92e09da28d35c879271c3,c78350e81298ca87bc1d59b466fa40081232caaa
1122b654f8b47c1aa9c04ff6bbe7561c798e2ad0,668075792a7ab40457d92e09da28d35c879271c3
1122b654f8b47c1aa9c04ff6bbe7561c798e2ad0,6c00f661c46391642208a5292f38b5a9e0e09cae
dd4cfde3e135f799a9a71b4f57e13a29de89f7e3,6c00f661c46391642208a5292f38b5a9e0e09cae
900cd128482bbab4d2752d01ce80c55498b78dd2,dd4cfde3e135f799a9a71b4f57e13a29de89f7e3
10feab31bb9e71a0f1094fb00c0554abfb992c4d,900cd128482bbab4d2752d01ce80c55498b78dd2
3646acd0dc49a00d38517abccfc3a54cb78bbadc,10feab31bb9e71a0f1094fb00c0554abfb992c4d
24d9d00b91f99dde3c9a0ea5c79e63f2ed26151c,3646acd0dc49a00d38517abccfc3a54cb78bbadc
d3f8d5a9c48ee9f338f25f1be5f3adc7fd5dd855,24d9d00b91f99dde3c9a0ea5c79e63f2ed26151c
d3f8d5a9c48ee9f338f25f1be5f3adc7fd5dd855,4f0e4a313a3f777b4b6aab4f364b9bc51a6aacc9
4f0e4a313a3f777b4b6aab4f364b9bc51a6aacc9,95d638e7705ec561382268405bc488df4c26c7f7
59084df7203c6be33838ba3e3854eb9bda053ed2,95d638e7705ec561382268405bc488df4c26c7f7
aa89c6bf86486e180833037333555e3492b15c8e,59084df7203c6be33838ba3e3854eb9bda053ed2
69535d3c6ff3238f8e7b2b29c1d40ea9d9d7914f,1122b654f8b47c1aa9c04ff6bbe7561c798e2ad0
1122b654f8b47c1aa9c04ff6bbe7561c798e2ad0,10feab31bb9e71a0f1094fb00c0554abfb992c4d
24d9d00b91f99dde3c9a0ea5c79e63f2ed26151c,10feab31bb9e71a0f1094fb00c0554abfb992c4d
765051eee0fb1394b62555edb86ba1f7a00892fb,24d9d00b91f99dde3c9a0ea5c79e63f2ed26151c
765051eee0fb1394b62555edb86ba1f7a00892fb,bde841b0dbbf7a15ee69966a828c7fe2cf532ad9
04c05c6acc970f2ca89af8e436b8dd8189396146,bde841b0dbbf7a15ee69966a828c7fe2cf532ad9
59084df7203c6be33838ba3e3854eb9bda053ed2,04c05c6acc970f2ca89af8e436b8dd8189396146
668075792a7ab40457d92e09da28d35c879271c3,59084df7203c6be33838ba3e3854eb9bda053ed2
668075792a7ab40457d92e09da28d35c879271c3,1f45c9d4d92c51a94c984eb4c2c6e027bbf78038
c78350e81298ca87bc1d59b466fa40081232caaa,1f45c9d4d92c51a94c984eb4c2c6e027bbf78038
4aef44e4aeaf28868ae2f1fff2c4eb19ff4df1f6,c78350e81298ca87bc1d59b466fa40081232caaa
4aef44e4aeaf28868ae2f1fff2c4eb19ff4df1f6,8db1d30ac06dde4bd19d0a86241137ac2be21552
dd4cfde3e135f799a9a71b4f57e13a29de89f7e3,8db1d30ac06dde4bd19d0a86241137ac2be21552
900cd128482bbab4d2752d01ce80c55498b78dd2,dd4cfde3e135f799a9a71b4f57e13a29de89f7e3
d3f8d5a9c48ee9f338f25f1be5f3adc7fd5dd855,900cd128482bbab4d2752d01ce80c55498b78dd2
d3f8d5a9c48ee9f338f25f1be5f3adc7fd5dd855,7d6168fbd3ed72f9098573007f4b8c2ec9e576b9
7d6168fbd3ed72f9098573007f4b8c2ec9e576b9,82f59319e581cdfe16a97fe29bec6215ad818a81
2d906cda427cb2c4a71069423312e57ba4cd5445,82f59319e581cdfe16a97fe29bec6215ad818a81
2d906cda427cb2c4a71069423312e57ba4cd5445,668858489bbec3ce45f7a84a6a557b329f9ec91a
3646acd0dc49a00d38517abccfc3a54cb78bbadc,668858489bbec3ce45f7a84a6a557b329f9ec91a
4f0e4a313a3f777b4b6aab4f364b9bc51a6aacc9,3646acd0dc49a00d38517abccfc3a54cb78bbadc
4f0e4a313a3f777b4b6aab4f364b9bc51a6aacc9,aa89c6bf86486e180833037333555e3492b15c8e
aa89c6bf86486e180833037333555e3492b15c8e,95d638e7705ec561382268405bc488df4c26c7f7
6c00f661c46391642208a5292f38b5a9e0e09cae,95d638e7705ec561382268405bc488df4c26c7f7
0fe8f2f55046ad0b8d6337f57a78466790923264,6c00f661c46391642208a5292f38b5a9e0e09cae
bde841b0dbbf7a15ee69966a828c7fe2cf532ad9,95d638e7705ec561382268405bc488df4c26c7f7
765051eee0fb1394b62555edb86ba1f7a00892fb,95d638e7705ec561382268405bc488df4c26c7f7
765051eee0fb1394b62555edb86ba1f7a00892fb,3646acd0dc49a00d38517abccfc3a54cb78bbadc
3646acd0dc49a00d38517abccfc3a54cb78bbadc,1f45c9d4d92c51a94c984eb4c2c6e027bbf78038
2d906cda427cb2c4a71069423312e57ba4cd5445,1f45c9d4d92c51a94c984eb4c2c6e027bbf78038
2d906cda427cb2c4a71069423312e57ba4cd5445,4aef44e4aeaf28868ae2f1fff2c4eb19ff4df1f6
10feab31bb9e71a0f1094fb00c0554abfb992c4d,4aef44e4aeaf28868ae2f1fff2c4eb19ff4df1f6
10feab31bb9e71a0f1094fb00c0554abfb992c4d,4f0e4a313a3f777b4b6aab4f364b9bc51a6aacc9
0fe8f2f55046ad0b8d6337f57a78466790923264,4f0e4a313a3f777b4b6aab4f364b9bc51a6aacc9
0fe8f2f55046ad0b8d6337f57a78466790923264,dd4cfde3e135f799a9a71b4f57e13a29de89f7e3
d3f8d5a9c48ee9f338f25f1be5f3adc7fd5dd855,dd4cfde3e135f799a9a71b4f57e13a29de89f7e3
d3f8d5a9c48ee9f338f25f1be5f3adc7fd5dd855,59084df7203c6be33838ba3e3854eb9bda053ed2
7d6168fbd3ed72f9098573007f4b8c2ec9e576b9,59084df7203c6be33838ba3e3854eb9bda053ed2
24d9d00b91f99dde3c9a0ea5c79e63f2ed26151c,7d6168fbd3ed72f9098573007f4b8c2ec9e576b9
24d9d00b91f99dde3c9a0ea5c79e63f2ed26151c,aa89c6bf86486e180833037333555e3492b15c8e
668858489bbec3ce45f7a84a6a557b329f9ec91a,aa89c6bf86486e180833037333555e3492b15c8e
69535d3c6ff3238f8e7b2b29c1d40ea9d9d7914f,668858489bbec3ce45f7a84a6a557b329f9ec91a
69535d3c6ff3238f8e7b2b29c1d40ea9d9d7914f,6c00f661c46391642208a5292f38b5a9e0e09cae
1122b654f8b47c1aa9c04ff6bbe7561c798e2ad0,6c00f661c46391642208a5292f38b5a9e0e09cae
1122b654f8b47c1aa9c04ff6bbe7561c798e2ad0,82f59319e581cdfe16a97fe29bec6215ad818a81
668075792a7ab40457d92e09da28d35c879271c3,82f59319e581cdfe16a97fe29bec6215ad818a81
668075792a7ab40457d92e09da28d35c879271c3,8db1d30ac06dde4bd19d0a86241137ac2be21552
c78350e81298ca87bc1d59b466fa40081232caaa,8db1d30ac06dde4bd19d0a86241137ac2be21552
900cd128482bbab4d2752d01ce80c55498b78dd2,c78350e81298ca87bc1d59b466fa40081232caaa
04c05c6acc970f2ca89af8e436b8dd8189396146,900cd128482bbab4d2752d01ce80c55498b78dd2
7d6168fbd3ed72f9098573007f4b8c2ec9e576b9,0fe8f2f55046ad0b8d6337f57a78466790923264
0fe8f2f55046ad0b8d6337f57a78466790923264,bde841b0dbbf7a15ee69966a828c7fe2cf532ad9
668075792a7ab40457d92e09da28d35c879271c3,bde841b0dbbf7a15ee69966a828c7fe2cf532ad9
59084df7203c6be33838ba3e3854eb9bda053ed2,668075792a7ab40457d92e09da28d35c879271c3
59084df7203c6be33838ba3e3854eb9bda053ed2,c78350e81298ca87bc1d59b466fa40081232caaa
765051eee0fb1394b62555edb86ba1f7a00892fb,c78350e81298ca87bc1d59b466fa40081232caaa
1122b654f8b47c1aa9c04ff6bbe7561c798e2ad0,765051eee0fb1394b62555edb86ba1f7a00892fb
04c05c6acc970f2ca89af8e436b8dd8189396146,1122b654f8b47c1aa9c04ff6bbe7561c798e2ad0
900cd128482bbab4d2752d01ce80c55498b78dd2,04c05c6acc970f2ca89af8e436b8dd8189396146
900cd128482bbab4d2752d01ce80c55498b78dd2,4f0e4a313a3f777b4b6aab4f364b9bc51a6aacc9
10feab31bb9e71a0f1094fb00c0554abfb992c4d,4f0e4a313a3f777b4b6aab4f364b9bc51a6aacc9
10feab31bb9e71a0f1094fb00c0554abfb992c4d,1f45c9d4d92c51a94c984eb4c2c6e027bbf78038
668858489bbec3ce45f7a84a6a557b329f9ec91a,1f45c9d4d92c51a94c984eb4c2c6e027bbf78038
668858489bbec3ce45f7a84a6a557b329f9ec91a,aa89c6bf86486e180833037333555e3492b15c8e
aa89c6bf86486e180833037333555e3492b15c8e,95d638e7705ec561382268405bc488df4c26c7f7
3646acd0dc49a00d38517abccfc3a54cb78bbadc,95d638e7705ec561382268405bc488df4c26c7f7
24d9d00b91f99dde3c9a0ea5c79e63f2ed26151c,3646acd0dc49a00d38517abccfc3a54cb78bbadc
4aef44e4aeaf28868ae2f1fff2c4eb19ff4df1f6,24d9d00b91f99dde3c9a0ea5c79e63f2ed26151c
2d906cda427cb2c4a71069423312e57ba4cd5445,4aef44e4aeaf28868ae2f1fff2c4eb19ff4df1f6
2d906cda427cb2c4a71069423312e57ba4cd5445,6c00f661c46391642208a5292f38b5a9e0e09cae
82f59319e581cdfe16a97fe29bec6215ad818a81,6c00f661c46391642208a5292f38b5a9e0e09cae
82f59319e581cdfe16a97fe29bec6215ad818a81,8db1d30ac06dde4bd19d0a86241137ac2be21552
dd4cfde3e135f799a9a71b4f57e13a29de89f7e3,8db1d30ac06dde4bd19d0a86241137ac2be21552
d3f8d5a9c48ee9f338f25f1be5f3adc7fd5dd855,dd4cfde3e135f799a9a71b4f57e13a29de89f7e3
d3f8d5a9c48ee9f338f25f1be5f3adc7fd5dd855,69535d3c6ff3238f8e7b2b29c1d40ea9d9d7914f
2d906cda427cb2c4a71069423312e57ba4cd5445,82f59319e581cdfe16a97fe29bec6215ad818a81
2d906cda427cb2c4a71069423312e57ba4cd5445,24d9d00b91f99dde3c9a0ea5c79e63f2ed26151c
24d9d00b91f99dde3c9a0ea5c79e63f2ed26151c,0fe8f2f55046ad0b8d6337f57a78466790923264
0fe8f2f55046ad0b8d6337f57a78466790923264,aa89c6bf86486e180833037333555e3492b15c8e
1f45c9d4d92c51a94c984eb4c2c6e027bbf78038,aa89c6bf86486e180833037333555e3492b15c8e
1f45c9d4d92c51a94c984eb4c2c6e027bbf78038,6c00f661c46391642208a5292f38b5a9e0e09cae
10feab31bb9e71a0f1094fb00c0554abfb992c4d,6c00f661c46391642208a5292f38b5a9e0e09cae
dd4cfde3e135f799a9a71b4f57e13a29de89f7e3,10feab31bb9e71a0f1094fb00c0554abfb992c4d
dd4cfde3e135f799a9a71b4f57e13a29de89f7e3,bde841b0dbbf7a15ee69966a828c7fe2cf532ad9
d3f8d5a9c48ee9f338f25f1be5f3adc7fd5dd855,bde841b0dbbf7a15ee69966a828c7fe2cf532ad9
d3f8d5a9c48ee9f338f25f1be5f3adc7fd5dd855,668858489bbec3ce45f7a84a6a557b329f9ec91a
765051eee0fb1394b62555edb86ba1f7a00892fb,668858489bbec3ce45f7a84a6a557b329f9ec91a
765051eee0fb1394b62555edb86ba1f7a00892fb,8db1d30ac06dde4bd19d0a86241137ac2be21552
668075792a7ab40457d92e09da28d35c879271c3,8db1d30ac06dde4bd19d0a86241137ac2be21552
668075792a7ab40457d92e09da28d35c879271c3,c78350e81298ca87bc1d59b466fa40081232caaa
4f0e4a313a3f777b4b6aab4f364b9bc51a6aacc9,c78350e81298ca87bc1d59b466fa40081232caaa
59084df7203c6be33838ba3e3854eb9bda053ed2,4f0e4a313a3f777b4b6aab4f364b9bc51a6aacc9
1122b654f8b47c1aa9c04ff6bbe7561c798e2ad0,59084df7203c6be33838ba3e3854eb9bda053ed2
04c05c6acc970f2ca89af8e436b8dd8189396146,1122b654f8b47c1aa9c04ff6bbe7561c798e2ad0
69535d3c6ff3238f8e7b2b29c1d40ea9d9d7914f,04c05c6acc970f2ca89af8e436b8dd8189396146
4aef44e4aeaf28868ae2f1fff2c4eb19ff4df1f6,69535d3c6ff3238f8e7b2b29c1d40ea9d9d7914f
4aef44e4aeaf28868ae2f1fff2c4eb19ff4df1f6,7d6168fbd3ed72f9098573007f4b8c2ec9e576b9
7d6168fbd3ed72f9098573007f4b8c2ec9e576b9,95d638e7705ec561382268405bc488df4c26c7f7
3646acd0dc49a00d38517abccfc3a54cb78bbadc,95d638e7705ec561382268405bc488df4c26c7f7
900cd128482bbab4d2752d01ce80c55498b78dd2,3646acd0dc49a00d38517abccfc3a54cb78bbadc
4aef44e4aeaf28868ae2f1fff2c4eb19ff4df1f6,668075792a7ab40457d92e09da28d35c879271c3
4aef44e4aeaf28868ae2f1fff2c4eb19ff4df1f6,900cd128482bbab4d2752d01ce80c55498b78dd2
0fe8f2f55046ad0b8d6337f57a78466790923264,900cd128482bbab4d2752d01ce80c55498b78dd2
0fe8f2f55046ad0b8d6337f57a78466790923264,668858489bbec3ce45f7a84a6a557b329f9ec91a
2d906cda427cb2c4a71069423312e57ba4cd5445,668858489bbec3ce45f7a84a6a557b329f9ec91a
2d906cda427cb2c4a71069423312e57ba4cd5445,bde841b0dbbf7a15ee69966a828c7fe2cf532ad9
aa89c6bf86486e180833037333555e3492b15c8e,bde841b0dbbf7a15ee69966a828c7fe2cf532ad9
1f45c9d4d92c51a94c984eb4c2c6e027bbf78038,aa89c6bf86486e180833037333555e3492b15c8e
10feab31bb9e71a0f1094fb00c0554abfb992c4d,1f45c9d4d92c51a94c984eb4c2c6e027bbf78038
10feab31bb9e71a0f1094fb00c0554abfb992c4d,6c00f661c46391642208a5292f38b5a9e0e09cae
765051eee0fb1394b62555edb86ba1f7a00892fb,6c00f661c46391642208a5292f38b5a9e0e09cae
765051eee0fb1394b62555edb86ba1f7a00892fb,dd4cfde3e135f799a9a71b4f57e13a29de89f7e3
69535d3c6ff3238f8e7b2b29c1d40ea9d9d7914f,dd4cfde3e135f799a9a71b4f57e13a29de89f7e3
69535d3c6ff3238f8e7b2b29c1d40ea9d9d7914f,4f0e4a313a3f777b4b6aab4f364b9bc51a6aacc9
4f0e4a313a3f777b4b6aab4f364b9bc51a6aacc9,c78350e81298ca87bc1d59b466fa40081232caaa
c78350e81298ca87bc1d59b466fa40081232caaa,95d638e7705ec561382268405bc488df4c26c7f7
8db1d30ac06dde4bd19d0a86241137ac2be21552,95d638e7705ec561382268405bc488df4c26c7f7
04c05c6acc970f2ca89af8e436b8dd8189396146,8db1d30ac06dde4bd19d0a86241137ac2be21552
1122b654f8b47c1aa9c04ff6bbe7561c798e2ad0,04c05c6acc970f2ca89af8e436b8dd8189396146
1122b654f8b47c1aa9c04ff6bbe7561c798e2ad0,3646acd0dc49a00d38517abccfc3a54cb78bbadc
d3f8d5a9c48ee9f338f25f1be5f3adc7fd5dd855,3646acd0dc49a00d38517abccfc3a54cb78bbadc
d3f8d5a9c48ee9f338f25f1be5f3adc7fd5dd855,59084df7203c6be33838ba3e3854eb9bda053ed2
24d9d00b91f99dde3c9a0ea5c79e63f2ed26151c,59084df7203c6be33838ba3e3854eb9bda053ed2
24d9d00b91f99dde3c9a0ea5c79e63f2ed26151c,82f59319e581cdfe16a97fe29bec6215ad818a81
7d6168fbd3ed72f9098573007f4b8c2ec9e576b9,82f59319e581cdfe16a97fe29bec6215ad818a81
668858489bbec3ce45f7a84a6a557b329f9ec91a,668075792a7ab40457d92e09da28d35c879271c3
0fe8f2f55046ad0b8d6337f57a78466790923264,668858489bbec3ce45f7a84a6a557b329f9ec91a
900cd128482bbab4d2752d01ce80c55498b78dd2,0fe8f2f55046ad0b8d6337f57a78466790923264
d3f8d5a9c48ee9f338f25f1be5f3adc7fd5dd855,900cd128482bbab4d2752d01ce80c55498b78dd2
d3f8d5a9c48ee9f338f25f1be5f3adc7fd5dd855,4aef44e4aeaf28868ae2f1fff2c4eb19ff4df1f6
1122b654f8b47c1aa9c04ff6bbe7561c798e2ad0,4aef44e4aeaf28868ae2f1fff2c4eb19ff4df1f6
1122b654f8b47c1aa9c04ff6bbe7561c798e2ad0,10feab31bb9e71a0f1094fb00c0554abfb992c4d
10feab31bb9e71a0f1094fb00c0554abfb992c4d,1f45c9d4d92c51a94c984eb4c2c6e027bbf78038
3646acd0dc49a00d38517abccfc3a54cb78bbadc,1f45c9d4d92c51a94c984eb4c2c6e027bbf78038
04c05c6acc970f2ca89af8e436b8dd8189396146,3646acd0dc49a00d38517abccfc3a54cb78bbadc
04c05c6acc970f2ca89af8e436b8dd8189396146,aa89c6bf86486e180833037333555e3492b15c8e
7d6168fbd3ed72f9098573007f4b8c2ec9e576b9,aa89c6bf86486e180833037333555e3492b15c8e
765051eee0fb1394b62555edb86ba1f7a00892fb,7d6168fbd3ed72f9098573007f4b8c2ec9e576b9
765051eee0fb1394b62555edb86ba1f7a00892fb,dd4cfde3e135f799a9a71b4f57e13a29de89f7e3
dd4cfde3e135f799a9a71b4f57e13a29de89f7e3,bde841b0dbbf7a15ee69966a828c7fe2cf532ad9
69535d3c6ff3238f8e7b2b29c1d40ea9d9d7914f,bde841b0dbbf7a15ee69966a828c7fe2cf532ad9
24d9d00b91f99dde3c9a0ea5c79e63f2ed26151c,69535d3c6ff3238f8e7b2b29c1d40ea9d9d7914f
24d9d00b91f99dde3c9a0ea5c79e63f2ed26151c,95d638e7705ec561382268405bc488df4c26c7f7
2d906cda427cb2c4a71069423312e57ba4cd5445,95d638e7705ec561382268405bc488df4c26c7f7
2d906cda427cb2c4a71069423312e57ba4cd5445,59084df7203c6be33838ba3e3854eb9bda053ed2
59084df7203c6be33838ba3e3854eb9bda053ed2,82f59319e581cdfe16a97fe29bec6215ad818a81
82f59319e581cdfe16a97fe29bec6215ad818a81,6c00f661c46391642208a5292f38b5a9e0e09cae
6c00f661c46391642208a5292f38b5a9e0e09cae,8db1d30ac06dde4bd19d0a86241137ac2be21552
c78350e81298ca87bc1d59b466fa40081232caaa,8db1d30ac06dde4bd19d0a86241137ac2be21552
4f0e4a313a3f777b4b6aab4f364b9bc51a6aacc9,c78350e81298ca87bc1d59b466fa40081232caaa
aa89c6bf86486e180833037333555e3492b15c8e,3646acd0dc49a00d38517abccfc3a54cb78bbadc
3646acd0dc49a00d38517abccfc3a54cb78bbadc,dd4cfde3e135f799a9a71b4f57e13a29de89f7e3
2d906cda427cb2c4a71069423312e57ba4cd5445,dd4cfde3e135f799a9a71b4f57e13a29de89f7e3
2d906cda427cb2c4a71069423312e57ba4cd5445,59084df7203c6be33838ba3e3854eb9bda053ed2
59084df7203c6be33838ba3e3854eb9bda053ed2,8db1d30ac06dde4bd19d0a86241137ac2be21552
69535d3c6ff3238f8e7b2b29c1d40ea9d9d7914f,8db1d30ac06dde4bd19d0a86241137ac2be21552
69535d3c6ff3238f8e7b2b29c1d40ea9d9d7914f,95d638e7705ec561382268405bc488df4c26c7f7
668858489bbec3ce45f7a84a6a557b329f9ec91a,95d638e7705ec561382268405bc488df4c26c7f7
24d9d00b91f99dde3c9a0ea5c79e63f2ed26151c,668858489bbec3ce45f7a84a6a557b329f9ec91a
24d9d00b91f99dde3c9a0ea5c79e63f2ed26151c,1f45c9d4d92c51a94c984eb4c2c6e027bbf78038
4aef44e4aeaf28868ae2f1fff2c4eb19ff4df1f6,1f45c9d4d92c51a94c984eb4c2c6e027bbf78038
10feab31bb9e71a0f1094fb00c0554abfb992c4d,4aef44e4aeaf28868ae2f1fff2c4eb19ff4df1f6
10feab31bb9e71a0f1094fb00c0554abfb992c4d,6c00f661c46391642208a5292f38b5a9e0e09cae
0fe8f2f55046ad0b8d6337f57a78466790923264,6c00f661c46391642208a5292f38b5a9e0e09cae
7d6168fbd3ed72f9098573007f4b8c2ec9e576b9,0fe8f2f55046ad0b8d6337f57a78466790923264
765051eee0fb1394b62555edb86ba1f7a00892fb,7d6168fbd3ed72f9098573007f4b8c2ec9e576b9
d3f8d5a9c48ee9f338f25f1be5f3adc7fd5dd855,765051eee0fb1394b62555edb86ba1f7a00892fb
d3f8d5a9c48ee9f338f25f1be5f3adc7fd5dd855,900cd128482bbab4d2752d01ce80c55498b78dd2
1122b654f8b47c1aa9c04ff6bbe7561c798e2ad0,900cd128482bbab4d2752d01ce80c55498b78dd2
1122b654f8b47c1aa9c04ff6bbe7561c798e2ad0,4f0e4a313a3f777b4b6aab4f364b9bc51a6aacc9
04c05c6acc970f2ca89af8e436b8dd8189396146,4f0e4a313a3f777b4b6aab4f364b9bc51a6aacc9
82f59319e581cdfe16a97fe29bec6215ad818a81,04c05c6acc970f2ca89af8e436b8dd8189396146
668075792a7ab40457d92e09da28d35c879271c3,82f59319e581cdfe16a97fe29bec6215ad818a81
668075792a7ab40457d92e09da28d35c879271c3,c78350e81298ca87bc1d59b466fa40081232caaa
bde841b0dbbf7a15ee69966a828c7fe2cf532ad9,c78350e81298ca87bc1d59b466fa40081232caaa
7d6168fbd3ed72f9098573007f4b8c2ec9e576b9,900cd128482bbab4d2752d01ce80c55498b78dd2
2d906cda427cb2c4a71069423312e57ba4cd5445,7d6168fbd3ed72f9098573007f4b8c2ec9e576b9
2d906cda427cb2c4a71069423312e57ba4cd5445,59084df7203c6be33838ba3e3854eb9bda053ed2
59084df7203c6be33838ba3e3854eb9bda053ed2,10feab31bb9e71a0f1094fb00c0554abfb992c4d
1122b654f8b47c1aa9c04ff6bbe7561c798e2ad0,10feab31bb9e71a0f1094fb00c0554abfb992c4d
1122b654f8b47c1aa9c04ff6bbe7561c798e2ad0,95d638e7705ec561382268405bc488df4c26c7f7
04c05c6acc970f2ca89af8e436b8dd8189396146,95d638e7705ec561382268405bc488df4c26c7f7
04c05c6acc970f2ca89af8e436b8dd8189396146,aa89c6bf86486e180833037333555e3492b15c8e
aa89c6bf86486e180833037333555e3492b15c8e,c78350e81298ca87bc1d59b466fa40081232caaa
bde841b0dbbf7a15ee69966a828c7fe2cf532ad9,c78350e81298ca87bc1d59b466fa40081232caaa
4f0e4a313a3f777b4b6aab4f364b9bc51a6aacc9,bde841b0dbbf7a15ee69966a828c7fe2cf532ad9
765051eee0fb1394b62555edb86ba1f7a00892fb,4f0e4a313a3f777b4b6aab4f364b9bc51a6aacc9
69535d3c6ff3238f8e7b2b29c1d40ea9d9d7914f,765051eee0fb1394b62555edb86ba1f7a00892fb
69535d3c6ff3238f8e7b2b29c1d40ea9d9d7914f,668858489bbec3ce45f7a84a6a557b329f9ec91a
668075792a7ab40457d92e09da28d35c879271c3,668858489bbec3ce45f7a84a6a557b329f9ec91a
dd4cfde3e135f799a9a71b4f57e13a29de89f7e3,668075792a7ab40457d92e09da28d35c879271c3
dd4cfde3e135f799a9a71b4f57e13a29de89f7e3,8db1d30ac06dde4bd19d0a86241137ac2be21552
6c00f661c46391642208a5292f38b5a9e0e09cae,8db1d30ac06dde4bd19d0a86241137ac2be21552
1f45c9d4d92c51a94c984eb4c2c6e027bbf78038,6c00f661c46391642208a5292f38b5a9e0e09cae
4aef44e4aeaf28868ae2f1fff2c4eb19ff4df1f6,1f45c9d4d92c51a94c984eb4c2c6e027bbf78038
4aef44e4aeaf28868ae2f1fff2c4eb19ff4df1f6,0fe8f2f55046ad0b8d6337f57a78466790923264
24d9d00b91f99dde3c9a0ea5c79e63f2ed26151c,0fe8f2f55046ad0b8d6337f57a78466790923264
d3f8d5a9c48ee9f338f25f1be5f3adc7fd5dd855,24d9d00b91f99dde3c9a0ea5c79e63f2ed26151c
d3f8d5a9c48ee9f338f25f1be5f3adc7fd5dd855,3646acd0dc49a00d38517abccfc3a54cb78bbadc
82f59319e581cdfe16a97fe29bec6215ad818a81,3646acd0dc49a00d38517abccfc3a54cb78bbadc
82f59319e581cdfe16a97fe29bec6215ad818a81,59084df7203c6be33838ba3e3854eb9bda053ed2
82f59319e581cdfe16a97fe29bec6215ad818a81,4f0e4a313a3f777b4b6aab4f364b9bc51a6aacc9
04c05c6acc970f2ca89af8e436b8dd8189396146,4f0e4a313a3f777b4b6aab4f364b9bc51a6aacc9
04c05c6acc970f2ca89af8e436b8dd8189396146,1122b654f8b47c1aa9c04ff6bbe7561c798e2ad0
4aef44e4aeaf28868ae2f1fff2c4eb19ff4df1f6,1122b654f8b47c1aa9c04ff6bbe7561c798e2ad0
4aef44e4aeaf28868ae2f1fff2c4eb19ff4df1f6,aa89c6bf86486e180833037333555e3492b15c8e
6c00f661c46391642208a5292f38b5a9e0e09cae,aa89c6bf86486e180833037333555e3492b15c8e
7d6168fbd3ed72f9098573007f4b8c2ec9e576b9,6c00f661c46391642208a5292f38b5a9e0e09cae
900cd128482bbab4d2752d01ce80c55498b78dd2,7d6168fbd3ed72f9098573007f4b8c2ec9e576b9
dd4cfde3e135f799a9a71b4f57e13a29de89f7e3,900cd128482bbab4d2752d01ce80c55498b78dd2
3646acd0dc49a00d38517abccfc3a54cb78bbadc,dd4cfde3e135f799a9a71b4f57e13a29de89f7e3
3646acd0dc49a00d38517abccfc3a54cb78bbadc,1f45c9d4d92c51a94c984eb4c2c6e027bbf78038
bde841b0dbbf7a15ee69966a828c7fe2cf532ad9,1f45c9d4d92c51a94c984eb4c2c6e027bbf78038
2d906cda427cb2c4a71069423312e57ba4cd5445,bde841b0dbbf7a15ee69966a828c7fe2cf532ad9
69535d3c6ff3238f8e7b2b29c1d40ea9d9d7914f,2d906cda427cb2c4a71069423312e57ba4cd5445
69535d3c6ff3238f8e7b2b29c1d40ea9d9d7914f,c78350e81298ca87bc1d59b466fa40081232caaa
24d9d00b91f99dde3c9a0ea5c79e63f2ed26151c,c78350e81298ca87bc1d59b466fa40081232caaa
24d9d00b91f99dde3c9a0ea5c79e63f2ed26151c,95d638e7705ec561382268405bc488df4c26c7f7
668075792a7ab40457d92e09da28d35c879271c3,95d638e7705ec561382268405bc488df4c26c7f7
668075792a7ab40457d92e09da28d35c879271c3,668858489bbec3ce45f7a84a6a557b329f9ec91a
0fe8f2f55046ad0b8d6337f57a78466790923264,668858489bbec3ce45f7a84a6a557b329f9ec91a
0fe8f2f55046ad0b8d6337f57a78466790923264,765051eee0fb1394b62555edb86ba1f7a00892fb
765051eee0fb1394b62555edb86ba1f7a00892fb,10feab31bb9e71a0f1094fb00c0554abfb992c4d
d3f8d5a9c48ee9f338f25f1be5f3adc7fd5dd855,10feab31bb9e71a0f1094fb00c0554abfb992c4d
d3f8d5a9c48ee9f338f25f1be5f3adc7fd5dd855,8db1d30ac06dde4bd19d0a86241137ac2be21552
dd4cfde3e135f799a9a71b4f57e13a29de89f7e3,10feab31bb9e71a0f1094fb00c0554abfb992c4d
0fe8f2f55046ad0b8d6337f57a78466790923264,dd4cfde3e135f799a9a71b4f57e13a29de89f7e3
0fe8f2f55046ad0b8d6337f57a78466790923264,95d638e7705ec561382268405bc488df4c26c7f7
24d9d00b91f99dde3c9a0ea5c79e63f2ed26151c,95d638e7705ec561382268405bc488df4c26c7f7
24d9d00b91f99dde3c9a0ea5c79e63f2ed26151c,82f59319e581cdfe16a97fe29bec6215ad818a81
668858489bbec3ce45f7a84a6a557b329f9ec91a,82f59319e581cdfe16a97fe29bec6215ad818a81
04c05c6acc970f2ca89af8e436b8dd8189396146,668858489bbec3ce45f7a84a6a557b329f9ec91a
765051eee0fb1394b62555edb86ba1f7a00892fb,04c05c6acc970f2ca89af8e436b8dd8189396146
4aef44e4aeaf28868ae2f1fff2c4eb19ff4df1f6,765051eee0fb1394b62555edb86ba1f7a00892fb
d3f8d5a9c48ee9f338f25f1be5f3adc7fd5dd855,4aef44e4aeaf28868ae2f1fff2c4eb19ff4df1f6
d3f8d5a9c48ee9f338f25f1be5f3adc7fd5dd855,69535d3c6ff3238f8e7b2b29c1d40ea9d9d7914f
69535d3c6ff3238f8e7b2b29c1d40ea9d9d7914f,8db1d30ac06dde4bd19d0a86241137ac2be21552
6c00f661c46391642208a5292f38b5a9e0e09cae,8db1d30ac06dde4bd19d0a86241137ac2be21552
2d906cda427cb2c4a71069423312e57ba4cd5445,6c00f661c46391642208a5292f38b5a9e0e09cae
2d906cda427cb2c4a71069423312e57ba4cd5445,aa89c6bf86486e180833037333555e3492b15c8e
1f45c9d4d92c51a94c984eb4c2c6e027bbf78038,aa89c6bf86486e180833037333555e3492b15c8e
7d6168fbd3ed72f9098573007f4b8c2ec9e576b9,1f45c9d4d92c51a94c984eb4c2c6e027bbf78038
7d6168fbd3ed72f9098573007f4b8c2ec9e576b9,3646acd0dc49a00d38517abccfc3a54cb78bbadc
bde841b0dbbf7a15ee69966a828c7fe2cf532ad9,3646acd0dc49a00d38517abccfc3a54cb78bbadc
59084df7203c6be33838ba3e3854eb9bda053ed2,bde841b0dbbf7a15ee69966a828c7fe2cf532ad9
668075792a7ab40457d92e09da28d35c879271c3,59084df7203c6be33838ba3e3854eb9bda053ed2
668075792a7ab40457d92e09da28d35c879271c3,c78350e81298ca87bc1d59b466fa40081232caaa
1122b654f8b47c1aa9c04ff6bbe7561c798e2ad0,c78350e81298ca87bc1d59b466fa40081232caaa
1122b654f8b47c1aa9c04ff6bbe7561c798e2ad0,4f0e4a313a3f777b4b6aab4f364b9bc51a6aacc9
900cd128482bbab4d2752d01ce80c55498b78dd2,4f0e4a313a3f777b4b6aab4f364b9bc51a6aacc9
1122b654f8b47c1aa9c04ff6bbe7561c798e2ad0,bde841b0dbbf7a15ee69966a828c7fe2cf532ad9
d3f8d5a9c48ee9f338f25f1be5f3adc7fd5dd855,bde841b0dbbf7a15ee69966a828c7fe2cf532ad9
d3f8d5a9c48ee9f338f25f1be5f3adc7fd5dd855,668858489bbec3ce45f7a84a6a557b329f9ec91a
82f59319e581cdfe16a97fe29bec6215ad818a81,668858489bbec3ce45f7a84a6a557b329f9ec91a
59084df7203c6be33838ba3e3854eb9bda053ed2,82f59319e581cdfe16a97fe29bec6215ad818a81
59084df7203c6be33838ba3e3854eb9bda053ed2,aa89c6bf86486e180833037333555e3492b15c8e
4aef44e4aeaf28868ae2f1fff2c4eb19ff4df1f6,aa89c6bf86486e180833037333555e3492b15c8e
4aef44e4aeaf28868ae2f1fff2c4eb19ff4df1f6,c78350e81298ca87bc1d59b466fa40081232caaa
dd4cfde3e135f799a9a71b4f57e13a29de89f7e3,c78350e81298ca87bc1d59b466fa40081232caaa
24d9d00b91f99dde3c9a0ea5c79e63f2ed26151c,dd4cfde3e135f799a9a71b4f57e13a29de89f7e3
24d9d00b91f99dde3c9a0ea5c79e63f2ed26151c,4f0e4a313a3f777b4b6aab4f364b9bc51a6aacc9
668075792a7ab40457d92e09da28d35c879271c3,4f0e4a313a3f777b4b6aab4f364b9bc51a6aacc9
2d906cda427cb2c4a71069423312e57ba4cd5445,668075792a7ab40457d92e09da28d35c879271c3
2d906cda427cb2c4a71069423312e57ba4cd5445,1f45c9d4d92c51a94c984eb4c2c6e027bbf78038
765051eee0fb1394b62555edb86ba1f7a00892fb,1f45c9d4d92c51a94c984eb4c2c6e027bbf78038
765051eee0fb1394b62555edb86ba1f7a00892fb,900cd128482bbab4d2752d01ce80c55498b78dd2
3646acd0dc49a00d38517abccfc3a54cb78bbadc,900cd128482bbab4d2752d01ce80c55498b78dd2
3646acd0dc49a00d38517abccfc3a54cb78bbadc,6c00f661c46391642208a5292f38b5a9e0e09cae
0fe8f2f55046ad0b8d6337f57a78466790923264,6c00f661c46391642208a5292f38b5a9e0e09cae
0fe8f2f55046ad0b8d6337f57a78466790923264,8db1d30ac06dde4bd19d0a86241137ac2be21552
7d6168fbd3ed72f9098573007f4b8c2ec9e576b9,8db1d30ac06dde4bd19d0a86241137ac2be21552
7d6168fbd3ed72f9098573007f4b8c2ec9e576b9,04c05c6acc970f2ca89af8e436b8dd8189396146
69535d3c6ff3238f8e7b2b29c1d40ea9d9d7914f,04c05c6acc970f2ca89af8e436b8dd8189396146
69535d3c6ff3238f8e7b2b29c1d40ea9d9d7914f,95d638e7705ec561382268405bc488df4c26c7f7
10feab31bb9e71a0f1094fb00c0554abfb992c4d,95d638e7705ec561382268405bc488df4c26c7f7
2d906cda427cb2c4a71069423312e57ba4cd5445,1f45c9d4d92c51a94c984eb4c2c6e027bbf78038
2d906cda427cb2c4a71069423312e57ba4cd5445,bde841b0dbbf7a15ee69966a828c7fe2cf532ad9
69535d3c6ff3238f8e7b2b29c1d40ea9d9d7914f,bde841b0dbbf7a15ee69966a828c7fe2cf532ad9
69535d3c6ff3238f8e7b2b29c1d40ea9d9d7914f,dd4cfde3e135f799a9a71b4f57e13a29de89f7e3
3646acd0dc49a00d38517abccfc3a54cb78bbadc,dd4cfde3e135f799a9a71b4f57e13a29de89f7e3
d3f8d5a9c48ee9f338f25f1be5f3adc7fd5dd855,3646acd0dc49a00d38517abccfc3a54cb78bbadc
d3f8d5a9c48ee9f338f25f1be5f3adc7fd5dd855,668075792a7ab40457d92e09da28d35c879271c3
82f59319e581cdfe16a97fe29bec6215ad818a81,668075792a7ab40457d92e09da28d35c879271c3
82f59319e581cdfe16a97fe29bec6215ad818a81,6c00f661c46391642208a5292f38b5a9e0e09cae
24d9d00b91f99dde3c9a0ea5c79e63f2ed26151c,6c00f661c46391642208a5292f38b5a9e0e09cae
24d9d00b91f99dde3c9a0ea5c79e63f2ed26151c,aa89c6bf86486e180833037333555e3492b15c8e
765051eee0fb1394b62555edb86ba1f7a00892fb,aa89c6bf86486e180833037333555e3492b15c8e
765051eee0fb1394b62555edb86ba1f7a00892fb,7d6168fbd3ed72f9098573007f4b8c2ec9e576b9
04c05c6acc970f2ca89af8e436b8dd8189396146,7d6168fbd3ed72f9098573007f4b8c2ec9e576b9
04c05c6acc970f2ca89af8e436b8dd8189396146,95d638e7705ec561382268405bc488df4c26c7f7
c78350e81298ca87bc1d59b466fa40081232caaa,95d638e7705ec561382268405bc488df4c26c7f7
1122b654f8b47c1aa9c04ff6bbe7561c798e2ad0,c78350e81298ca87bc1d59b466fa40081232caaa
1122b654f8b47c1aa9c04ff6bbe7561c798e2ad0,59084df7203c6be33838ba3e3854eb9bda053ed2
668858489bbec3ce45f7a84a6a557b329f9ec91a,59084df7203c6be33838ba3e3854eb9bda053ed2
4aef44e4aeaf28868ae2f1fff2c4eb19ff4df1f6,668858489bbec3ce45f7a84a6a557b329f9ec91a
4aef44e4aeaf28868ae2f1fff2c4eb19ff4df1f6,10feab31bb9e71a0f1094fb00c0554abfb992c4d
10feab31bb9e71a0f1094fb00c0554abfb992c4d,8db1d30ac06dde4bd19d0a86241137ac2be21552
4f0e4a313a3f777b4b6aab4f364b9bc51a6aacc9,8db1d30ac06dde4bd19d0a86241137ac2be21552
0fe8f2f55046ad0b8d6337f57a78466790923264,4f0e4a313a3f777b4b6aab4f364b9bc51a6aacc9
900cd128482bbab4d2752d01ce80c55498b78dd2,0fe8f2f55046ad0b8d6337f57a78466790923264
2d906cda427cb2c4a71069423312e57ba4cd5445,900cd128482bbab4d2752d01ce80c55498b78dd2
2d906cda427cb2c4a71069423312e57ba4cd5445,10feab31bb9e71a0f1094fb00c0554abfb992c4d
10feab31bb9e71a0f1094fb00c0554abfb992c4d,1f45c9d4d92c51a94c984eb4c2c6e027bbf78038
1122b654f8b47c1aa9c04ff6bbe7561c798e2ad0,1f45c9d4d92c51a94c984eb4c2c6e027bbf78038
1122b654f8b47c1aa9c04ff6bbe7561c798e2ad0,4f0e4a313a3f777b4b6aab4f364b9bc51a6aacc9
0fe8f2f55046ad0b8d6337f57a78466790923264,4f0e4a313a3f777b4b6aab4f364b9bc51a6aacc9
7d6168fbd3ed72f9098573007f4b8c2ec9e576b9,0fe8f2f55046ad0b8d6337f57a78466790923264
7d6168fbd3ed72f9098573007f4b8c2ec9e576b9,bde841b0dbbf7a15ee69966a828c7fe2cf532ad9
bde841b0dbbf7a15ee69966a828c7fe2cf532ad9,8db1d30ac06dde4bd19d0a86241137ac2be21552
765051eee0fb1394b62555edb86ba1f7a00892fb,8db1d30ac06dde4bd19d0a86241137ac2be21552
765051eee0fb1394b62555edb86ba1f7a00892fb,59084df7203c6be33838ba3e3854eb9bda053ed2
d3f8d5a9c48ee9f338f25f1be5f3adc7fd5dd855,59084df7203c6be33838ba3e3854eb9bda053ed2
d3f8d5a9c48ee9f338f25f1be5f3adc7fd5dd855,dd4cfde3e135f799a9a71b4f57e13a29de89f7e3
668075792a7ab40457d92e09da28d35c879271c3,dd4cfde3e135f799a9a71b4f57e13a29de89f7e3
668075792a7ab40457d92e09da28d35c879271c3,95d638e7705ec561382268405bc488df4c26c7f7
6c00f661c46391642208a5292f38b5a9e0e09cae,95d638e7705ec561382268405bc488df4c26c7f7
82f59319e581cdfe16a97fe29bec6215ad818a81,6c00f661c46391642208a5292f38b5a9e0e09cae
24d9d00b91f99dde3c9a0ea5c79e63f2ed26151c,82f59319e581cdfe16a97fe29bec6215ad818a81
04c05c6acc970f2ca89af8e436b8dd8189396146,24d9d00b91f99dde3c9a0ea5c79e63f2ed26151c
04c05c6acc970f2ca89af8e436b8dd8189396146,3646acd0dc49a00d38517abccfc3a54cb78bbadc
c78350e81298ca87bc1d59b466fa40081232caaa,3646acd0dc49a00d38517abccfc3a54cb78bbadc
69535d3c6ff3238f8e7b2b29c1d40ea9d9d7914f,c78350e81298ca87bc1d59b466fa40081232caaa
69535d3c6ff3238f8e7b2b29c1d40ea9d9d7914f,668858489bbec3ce45f7a84a6a557b329f9ec91a
4aef44e4aeaf28868ae2f1fff2c4eb19ff4df1f6,668858489bbec3ce45f7a84a6a557b329f9ec91a
4aef44e4aeaf28868ae2f1fff2c4eb19ff4df1f6,aa89c6bf86486e180833037333555e3492b15c8e
668858489bbec3ce45f7a84a6a557b329f9ec91a,8db1d30ac06dde4bd19d0a86241137ac2be21552
59084df7203c6be33838ba3e3854eb9bda053ed2,668858489bbec3ce45f7a84a6a557b329f9ec91a
59084df7203c6be33838ba3e3854eb9bda053ed2,95d638e7705ec561382268405bc488df4c26c7f7
04c05c6acc970f2ca89af8e436b8dd8189396146,95d638e7705ec561382268405bc488df4c26c7f7
d3f8d5a9c48ee9f338f25f1be5f3adc7fd5dd855,04c05c6acc970f2ca89af8e436b8dd8189396146
d3f8d5a9c48ee9f338f25f1be5f3adc7fd5dd855,82f59319e581cdfe16a97fe29bec6215ad818a81
1122b654f8b47c1aa9c04ff6bbe7561c798e2ad0,82f59319e581cdfe16a97fe29bec6215ad818a81
1122b654f8b47c1aa9c04ff6bbe7561c798e2ad0,aa89c6bf86486e180833037333555e3492b15c8e
6c00f661c46391642208a5292f38b5a9e0e09cae,aa89c6bf86486e180833037333555e3492b15c8e
3646acd0dc49a00d38517abccfc3a54cb78bbadc,6c00f661c46391642208a5292f38b5a9e0e09cae
2d906cda427cb2c4a71069423312e57ba4cd5445,3646acd0dc49a00d38517abccfc3a54cb78bbadc
4aef44e4aeaf28868ae2f1fff2c4eb19ff4df1f6,2d906cda427cb2c4a71069423312e57ba4cd5445
4aef44e4aeaf28868ae2f1fff2c4eb19ff4df1f6,7d6168fbd3ed72f9098573007f4b8c2ec9e576b9
7d6168fbd3ed72f9098573007f4b8c2ec9e576b9,10feab31bb9e71a0f1094fb00c0554abfb992c4d
69535d3c6ff3238f8e7b2b29c1d40ea9d9d7914f,10feab31bb9e71a0f1094fb00c0554abfb992c4d
69535d3c6ff3238f8e7b2b29c1d40ea9d9d7914f,765051eee0fb1394b62555edb86ba1f7a00892fb
668075792a7ab40457d92e09da28d35c879271c3,765051eee0fb1394b62555edb86ba1f7a00892fb
668075792a7ab40457d92e09da28d35c879271c3,bde841b0dbbf7a15ee69966a828c7fe2cf532ad9
bde841b0dbbf7a15ee69966a828c7fe2cf532ad9,c78350e81298ca87bc1d59b466fa40081232caaa
0fe8f2f55046ad0b8d6337f57a78466790923264,c78350e81298ca87bc1d59b466fa40081232caaa
0fe8f2f55046ad0b8d6337f57a78466790923264,4f0e4a313a3f777b4b6aab4f364b9bc51a6aacc9
900cd128482bbab4d2752d01ce80c55498b78dd2,4f0e4a313a3f777b4b6aab4f364b9bc51a6aacc9
dd4cfde3e135f799a9a71b4f57e13a29de89f7e3,900cd128482bbab4d2752d01ce80c55498b78dd2
24d9d00b91f99dde3c9a0ea5c79e63f2ed26151c,dd4cfde3e135f799a9a71b4f57e13a29de89f7e3
24d9d00b91f99dde3c9a0ea5c79e63f2ed26151c,1f45c9d4d92c51a94c984eb4c2c6e027bbf78038
6c00f661c46391642208a5292f38b5a9e0e09cae,4f0e4a313a3f777b4b6aab4f364b9bc51a6aacc9
7d6168fbd3ed72f9098573007f4b8c2ec9e576b9,6c00f661c46391642208a5292f38b5a9e0e09cae
7d6168fbd3ed72f9098573007f4b8c2ec9e576b9,95d638e7705ec561382268405bc488df4c26c7f7
2d906cda427cb2c4a71069423312e57ba4cd5445,95d638e7705ec561382268405bc488df4c26c7f7
2d906cda427cb2c4a71069423312e57ba4cd5445,c78350e81298ca87bc1d59b466fa40081232caaa
bde841b0dbbf7a15ee69966a828c7fe2cf532ad9,c78350e81298ca87bc1d59b466fa40081232caaa
69535d3c6ff3238f8e7b2b29c1d40ea9d9d7914f,bde841b0dbbf7a15ee69966a828c7fe2cf532ad9
4aef44e4aeaf28868ae2f1fff2c4eb19ff4df1f6,69535d3c6ff3238f8e7b2b29c1d40ea9d9d7914f
4aef44e4aeaf28868ae2f1fff2c4eb19ff4df1f6,dd4cfde3e135f799a9a71b4f57e13a29de89f7e3
82f59319e581cdfe16a97fe29bec6215ad818a81,dd4cfde3e135f799a9a71b4f57e13a29de89f7e3
3646acd0dc49a00d38517abccfc3a54cb78bbadc,82f59319e581cdfe16a97fe29bec6215ad818a81
900cd128482bbab4d2752d01ce80c55498b78dd2,3646acd0dc49a00d38517abccfc3a54cb78bbadc
d3f8d5a9c48ee9f338f25f1be5f3adc7fd5dd855,900cd128482bbab4d2752d01ce80c55498b78dd2
d3f8d5a9c48ee9f338f25f1be5f3adc7fd5dd855,1f45c9d4d92c51a94c984eb4c2c6e027bbf78038
04c05c6acc970f2ca89af8e436b8dd8189396146,1f45c9d4d92c51a94c984eb4c2c6e027bbf78038
24d9d00b91f99dde3c9a0ea5c79e63f2ed26151c,04c05c6acc970f2ca89af8e436b8dd8189396146
24d9d00b91f99dde3c9a0ea5c79e63f2ed26151c,59084df7203c6be33838ba3e3854eb9bda053ed2
59084df7203c6be33838ba3e3854eb9bda053ed2,aa89c6bf86486e180833037333555e3492b15c8e
10feab31bb9e71a0f1094fb00c0554abfb992c4d,aa89c6bf86486e180833037333555e3492b15c8e
10feab31bb9e71a0f1094fb00c0554abfb992c4d,668858489bbec3ce45f7a84a6a557b329f9ec91a
668858489bbec3ce45f7a84a6a557b329f9ec91a,8db1d30ac06dde4bd19d0a86241137ac2be21552
765051eee0fb1394b62555edb86ba1f7a00892fb,8db1d30ac06dde4bd19d0a86241137ac2be21552
765051eee0fb1394b62555edb86ba1f7a00892fb,1122b654f8b47c1aa9c04ff6bbe7561c798e2ad0
668075792a7ab40457d92e09da28d35c879271c3,1122b654f8b47c1aa9c04ff6bbe7561c798e2ad0
0fe8f2f55046ad0b8d6337f57a78466790923264,668075792a7ab40457d92e09da28d35c879271c3
7d6168fbd3ed72f9098573007f4b8c2ec9e576b9,668858489bbec3ce45f7a84a6a557b329f9ec91a
d3f8d5a9c48ee9f338f25f1be5f3adc7fd5dd855,668858489bbec3ce45f7a84a6a557b329f9ec91a
d3f8d5a9c48ee9f338f25f1be5f3adc7fd5dd855,24d9d00b91f99dde3c9a0ea5c79e63f2ed26151c
24d9d00b91f99dde3c9a0ea5c79e63f2ed26151c,69535d3c6ff3238f8e7b2b29c1d40ea9d9d7914f
69535d3c6ff3238f8e7b2b29c1d40ea9d9d7914f,4f0e4a313a3f777b4b6aab4f364b9bc51a6aacc9
4aef44e4aeaf28868ae2f1fff2c4eb19ff4df1f6,4f0e4a313a3f777b4b6aab4f364b9bc51a6aacc9
4aef44e4aeaf28868ae2f1fff2c4eb19ff4df1f6,6c00f661c46391642208a5292f38b5a9e0e09cae
765051eee0fb1394b62555edb86ba1f7a00892fb,6c00f661c46391642208a5292f38b5a9e0e09cae
765051eee0fb1394b62555edb86ba1f7a00892fb,82f59319e581cdfe16a97fe29bec6215ad818a81
dd4cfde3e135f799a9a71b4f57e13a29de89f7e3,82f59319e581cdfe16a97fe29bec6215ad818a81
3646acd0dc49a00d38517abccfc3a54cb78bbadc,dd4cfde3e135f799a9a71b4f57e13a29de89f7e3
3646acd0dc49a00d38517abccfc3a54cb78bbadc,8db1d30ac06dde4bd19d0a86241137ac2be21552
1f45c9d4d92c51a94c984eb4c2c6e027bbf78038,8db1d30ac06dde4bd19d0a86241137ac2be21552
1122b654f8b47c1aa9c04ff6bbe7561c798e2ad0,1f45c9d4d92c51a94c984eb4c2c6e027bbf78038
1122b654f8b47c1aa9c04ff6bbe7561c798e2ad0,c78350e81298ca87bc1d59b466fa40081232caaa
c78350e81298ca87bc1d59b466fa40081232caaa,95d638e7705ec561382268405bc488df4c26c7f7
668075792a7ab40457d92e09da28d35c879271c3,95d638e7705ec561382268405bc488df4c26c7f7
04c05c6acc970f2ca89af8e436b8dd8189396146,668075792a7ab40457d92e09da28d35c879271c3
04c05c6acc970f2ca89af8e436b8dd8189396146,bde841b0dbbf7a15ee69966a828c7fe2cf532ad9
2d906cda427cb2c4a71069423312e57ba4cd5445,bde841b0dbbf7a15ee69966a828c7fe2cf532ad9
2d906cda427cb2c4a71069423312e57ba4cd5445,0fe8f2f55046ad0b8d6337f57a78466790923264
59084df7203c6be33838ba3e3854eb9bda053ed2,0fe8f2f55046ad0b8d6337f57a78466790923264
59084df7203c6be33838ba3e3854eb9bda053ed2,aa89c6bf86486e180833037333555e3492b15c8e
900cd128482bbab4d2752d01ce80c55498b78dd2,aa89c6bf86486e180833037333555e3492b15c8e
10feab31bb9e71a0f1094fb00c0554abfb992c4d,900cd128482bbab4d2752d01ce80c55498b78dd2
24d9d00b91f99dde3c9a0ea5c79e63f2ed26151c,8db1d30ac06dde4bd19d0a86241137ac2be21552
24d9d00b91f99dde3c9a0ea5c79e63f2ed26151c,10feab31bb9e71a0f1094fb00c0554abfb992c4d
7d6168fbd3ed72f9098573007f4b8c2ec9e576b9,10feab31bb9e71a0f1094fb00c0554abfb992c4d
d3f8d5a9c48ee9f338f25f1be5f3adc7fd5dd855,7d6168fbd3ed72f9098573007f4b8c2ec9e576b9
d3f8d5a9c48ee9f338f25f1be5f3adc7fd5dd855,0fe8f2f55046ad0b8d6337f57a78466790923264
900cd128482bbab4d2752d01ce80c55498b78dd2,0fe8f2f55046ad0b8d6337f57a78466790923264
668075792a7ab40457d92e09da28d35c879271c3,900cd128482bbab4d2752d01ce80c55498b78dd2
1122b654f8b47c1aa9c04ff6bbe7561c798e2ad0,668075792a7ab40457d92e09da28d35c879271c3
1122b654f8b47c1aa9c04ff6bbe7561c798e2ad0,59084df7203c6be33838ba3e3854eb9bda053ed2
69535d3c6ff3238f8e7b2b29c1d40ea9d9d7914f,59084df7203c6be33838ba3e3854eb9bda053ed2
2d906cda427cb2c4a71069423312e57ba4cd5445,69535d3c6ff3238f8e7b2b29c1d40ea9d9d7914f
2d906cda427cb2c4a71069423312e57ba4cd5445,82f59319e581cdfe16a97fe29bec6215ad818a81
dd4cfde3e135f799a9a71b4f57e13a29de89f7e3,82f59319e581cdfe16a97fe29bec6215ad818a81
668858489bbec3ce45f7a84a6a557b329f9ec91a,dd4cfde3e135f799a9a71b4f57e13a29de89f7e3
765051eee0fb1394b62555edb86ba1f7a00892fb,668858489bbec3ce45f7a84a6a557b329f9ec91a
765051eee0fb1394b62555edb86ba1f7a00892fb,c78350e81298ca87bc1d59b466fa40081232caaa
04c05c6acc970f2ca89af8e436b8dd8189396146,c78350e81298ca87bc1d59b466fa40081232caaa
04c05c6acc970f2ca89af8e436b8dd8189396146,1f45c9d4d92c51a94c984eb4c2c6e027bbf78038
3646acd0dc49a00d38517abccfc3a54cb78bbadc,1f45c9d4d92c51a94c984eb4c2c6e027bbf78038
4aef44e4aeaf28868ae2f1fff2c4eb19ff4df1f6,3646acd0dc49a00d38517abccfc3a54cb78bbadc
4aef44e4aeaf28868ae2f1fff2c4eb19ff4df1f6,aa89c6bf86486e180833037333555e3492b15c8e
6c00f661c46391642208a5292f38b5a9e0e09cae,aa89c6bf86486e180833037333555e3492b15c8e
bde841b0dbbf7a15ee69966a828c7fe2cf532ad9,6c00f661c46391642208a5292f38b5a9e0e09cae
bde841b0dbbf7a15ee69966a828c7fe2cf532ad9,95d638e7705ec561382268405bc488df4c26c7f7
4f0e4a313a3f777b4b6aab4f364b9bc51a6aacc9,95d638e7705ec561382268405bc488df4c26c7f7
8db1d30ac06dde4bd19d0a86241137ac2be21552,95d638e7705ec561382268405bc488df4c26c7f7
dd4cfde3e135f799a9a71b4f57e13a29de89f7e3,8db1d30ac06dde4bd19d0a86241137ac2be21552
59084df7203c6be33838ba3e3854eb9bda053ed2,dd4cfde3e135f799a9a71b4f57e13a29de89f7e3
10feab31bb9e71a0f1094fb00c0554abfb992c4d,59084df7203c6be33838ba3e3854eb9bda053ed2
7d6168fbd3ed72f9098573007f4b8c2ec9e576b9,10feab31bb9e71a0f1094fb00c0554abfb992c4d
7d6168fbd3ed72f9098573007f4b8c2ec9e576b9,04c05c6acc970f2ca89af8e436b8dd8189396146
4aef44e4aeaf28868ae2f1fff2c4eb19ff4df1f6,04c05c6acc970f2ca89af8e436b8dd8189396146
4aef44e4aeaf28868ae2f1fff2c4eb19ff4df1f6,900cd128482bbab4d2752d01ce80c55498b78dd2
24d9d00b91f99dde3c9a0ea5c79e63f2ed26151c,900cd128482bbab4d2752d01ce80c55498b78dd2
24d9d00b91f99dde3c9a0ea5c79e63f2ed26151c,668075792a7ab40457d92e09da28d35c879271c3
765051eee0fb1394b62555edb86ba1f7a00892fb,668075792a7ab40457d92e09da28d35c879271c3
765051eee0fb1394b62555edb86ba1f7a00892fb,aa89c6bf86486e180833037333555e3492b15c8e
4f0e4a313a3f777b4b6aab4f364b9bc51a6aacc9,aa89c6bf86486e180833037333555e3492b15c8e
6c00f661c46391642208a5292f38b5a9e0e09cae,4f0e4a313a3f777b4b6aab4f364b9bc51a6aacc9
69535d3c6ff3238f8e7b2b29c1d40ea9d9d7914f,6c00f661c46391642208a5292f38b5a9e0e09cae
69535d3c6ff3238f8e7b2b29c1d40ea9d9d7914f,bde841b0dbbf7a15ee69966a828c7fe2cf532ad9
1122b654f8b47c1aa9c04ff6bbe7561c798e2ad0,bde841b0dbbf7a15ee69966a828c7fe2cf532ad9
1122b654f8b47c1aa9c04ff6bbe7561c798e2ad0,668858489bbec3ce45f7a84a6a557b329f9ec91a
82f59319e581cdfe16a97fe29bec6215ad818a81,668858489bbec3ce45f7a84a6a557b329f9ec91a
d3f8d5a9c48ee9f338f25f1be5f3adc7fd5dd855,82f59319e581cdfe16a97fe29bec6215ad818a81
d3f8d5a9c48ee9f338f25f1be5f3adc7fd5dd855,1f45c9d4d92c51a94c984eb4c2c6e027bbf78038
2d906cda427cb2c4a71069423312e57ba4cd5445,1f45c9d4d92c51a94c984eb4c2c6e027bbf78038
2d906cda427cb2c4a71069423312e57ba4cd5445,c78350e81298ca87bc1d59b466fa40081232caaa
0fe8f2f55046ad0b8d6337f57a78466790923264,c78350e81298ca87bc1d59b466fa40081232caaa
0fe8f2f55046ad0b8d6337f57a78466790923264,3646acd0dc49a00d38517abccfc3a54cb78bbadc
4f0e4a313a3f777b4b6aab4f364b9bc51a6aacc9,3646acd0dc49a00d38517abccfc3a54cb78bbadc
bde841b0dbbf7a15ee69966a828c7fe2cf532ad9,3646acd0dc49a00d38517abccfc3a54cb78bbadc
aa89c6bf86486e180833037333555e3492b15c8e,bde841b0dbbf7a15ee69966a828c7fe2cf532ad9
c78350e81298ca87bc1d59b466fa40081232caaa,aa89c6bf86486e180833037333555e3492b15c8e
1122b654f8b47c1aa9c04ff6bbe7561c798e2ad0,c78350e81298ca87bc1d59b466fa40081232caaa
04c05c6acc970f2ca89af8e436b8dd8189396146,1122b654f8b47c1aa9c04ff6bbe7561c798e2ad0
900cd128482bbab4d2752d01ce80c55498b78dd2,04c05c6acc970f2ca89af8e436b8dd8189396146
900cd128482bbab4d2752d01ce80c55498b78dd2,8db1d30ac06dde4bd19d0a86241137ac2be21552
0fe8f2f55046ad0b8d6337f57a78466790923264,8db1d30ac06dde4bd19d0a86241137ac2be21552
2d906cda427cb2c4a71069423312e57ba4cd5445,0fe8f2f55046ad0b8d6337f57a78466790923264
2d906cda427cb2c4a71069423312e57ba4cd5445,24d9d00b91f99dde3c9a0ea5c79e63f2ed26151c
d3f8d5a9c48ee9f338f25f1be5f3adc7fd5dd855,24d9d00b91f99dde3c9a0ea5c79e63f2ed26151c
d3f8d5a9c48ee9f338f25f1be5f3adc7fd5dd855,69535d3c6ff3238f8e7b2b29c1d40ea9d9d7914f
69535d3c6ff3238f8e7b2b29c1d40ea9d9d7914f,1f45c9d4d92c51a94c984eb4c2c6e027bbf78038
10feab31bb9e71a0f1094fb00c0554abfb992c4d,1f45c9d4d92c51a94c984eb4c2c6e027bbf78038
668075792a7ab40457d92e09da28d35c879271c3,10feab31bb9e71a0f1094fb00c0554abfb992c4d
7d6168fbd3ed72f9098573007f4b8c2ec9e576b9,668075792a7ab40457d92e09da28d35c879271c3
4aef44e4aeaf28868ae2f1fff2c4eb19ff4df1f6,7d6168fbd3ed72f9098573007f4b8c2ec9e576b9
4aef44e4aeaf28868ae2f1fff2c4eb19ff4df1f6,59084df7203c6be33838ba3e3854eb9bda053ed2
dd4cfde3e135f799a9a71b4f57e13a29de89f7e3,59084df7203c6be33838ba3e3854eb9bda053ed2
765051eee0fb1394b62555edb86ba1f7a00892fb,dd4cfde3e135f799a9a71b4f57e13a29de89f7e3
765051eee0fb1394b62555edb86ba1f7a00892fb,95d638e7705ec561382268405bc488df4c26c7f7
82f59319e581cdfe16a97fe29bec6215ad818a81,95d638e7705ec561382268405bc488df4c26c7f7
668858489bbec3ce45f7a84a6a557b329f9ec91a,82f59319e581cdfe16a97fe29bec6215ad818a81
668858489bbec3ce45f7a84a6a557b329f9ec91a,6c00f661c46391642208a5292f38b5a9e0e09cae
d3f8d5a9c48ee9f338f25f1be5f3adc7fd5dd855,dd4cfde3e135f799a9a71b4f57e13a29de89f7e3
d3f8d5a9c48ee9f338f25f1be5f3adc7fd5dd855,7d6168fbd3ed72f9098573007f4b8c2ec9e576b9
7d6168fbd3ed72f9098573007f4b8c2ec9e576b9,c78350e81298ca87bc1d59b466fa40081232caaa
0fe8f2f55046ad0b8d6337f57a78466790923264,c78350e81298ca87bc1d59b466fa40081232caaa
0fe8f2f55046ad0b8d6337f57a78466790923264,3646acd0dc49a00d38517abccfc3a54cb78bbadc
8db1d30ac06dde4bd19d0a86241137ac2be21552,3646acd0dc49a00d38517abccfc3a54cb78bbadc
69535d3c6ff3238f8e7b2b29c1d40ea9d9d7914f,8db1d30ac06dde4bd19d0a86241137ac2be21552
69535d3c6ff3238f8e7b2b29c1d40ea9d9d7914f,6c00f661c46391642208a5292f38b5a9e0e09cae
10feab31bb9e71a0f1094fb00c0554abfb992c4d,6c00f661c46391642208a5292f38b5a9e0e09cae
4f0e4a313a3f777b4b6aab4f364b9bc51a6aacc9,10feab31bb9e71a0f1094fb00c0554abfb992c4d
4aef44e4aeaf28868ae2f1fff2c4eb19ff4df1f6,4f0e4a313a3f777b4b6aab4f364b9bc51a6aacc9
4aef44e4aeaf28868ae2f1fff2c4eb19ff4df1f6,1f45c9d4d92c51a94c984eb4c2c6e027bbf78038
765051eee0fb1394b62555edb86ba1f7a00892fb,1f45c9d4d92c51a94c984eb4c2c6e027bbf78038
765051eee0fb1394b62555edb86ba1f7a00892fb,aa89c6bf86486e180833037333555e3492b15c8e
95d638e7705ec561382268405bc488df4c26c7f7,aa89c6bf86486e180833037333555e3492b15c8e
2d906cda427cb2c4a71069423312e57ba4cd5445,95d638e7705ec561382268405bc488df4c26c7f7
668075792a7ab40457d92e09da28d35c879271c3,2d906cda427cb2c4a71069423312e57ba4cd5445
59084df7203c6be33838ba3e3854eb9bda053ed2,668075792a7ab40457d92e09da28d35c879271c3
668858489bbec3ce45f7a84a6a557b329f9ec91a,59084df7203c6be33838ba3e3854eb9bda053ed2
24d9d00b91f99dde3c9a0ea5c79e63f2ed26151c,668858489bbec3ce45f7a84a6a557b329f9ec91a
24d9d00b91f99dde3c9a0ea5c79e63f2ed26151c,1122b654f8b47c1aa9c04ff6bbe7561c798e2ad0
900cd128482bbab4d2752d01ce80c55498b78dd2,1122b654f8b47c1aa9c04ff6bbe7561c798e2ad0
900cd128482bbab4d2752d01ce80c55498b78dd2,bde841b0dbbf7a15ee69966a828c7fe2cf532ad9
04c05c6acc970f2ca89af8e436b8dd8189396146,bde841b0dbbf7a15ee69966a828c7fe2cf532ad9
82f59319e581cdfe16a97fe29bec6215ad818a81,04c05c6acc970f2ca89af8e436b8dd8189396146
765051eee0fb1394b62555edb86ba1f7a00892fb,7d6168fbd3ed72f9098573007f4b8c2ec9e576b9
24d9d00b91f99dde3c9a0ea5c79e63f2ed26151c,765051eee0fb1394b62555edb86ba1f7a00892fb
24d9d00b91f99dde3c9a0ea5c79e63f2ed26151c,69535d3c6ff3238f8e7b2b29c1d40ea9d9d7914f
69535d3c6ff3238f8e7b2b29c1d40ea9d9d7914f,10feab31bb9e71a0f1094fb00c0554abfb992c4d
10feab31bb9e71a0f1094fb00c0554abfb992c4d,1f45c9d4d92c51a94c984eb4c2c6e027bbf78038
668075792a7ab40457d92e09da28d35c879271c3,1f45c9d4d92c51a94c984eb4c2c6e027bbf78038
668075792a7ab40457d92e09da28d35c879271c3,aa89c6bf86486e180833037333555e3492b15c8e
3646acd0dc49a00d38517abccfc3a54cb78bbadc,aa89c6bf86486e180833037333555e3492b15c8e
3646acd0dc49a00d38517abccfc3a54cb78bbadc,c78350e81298ca87bc1d59b466fa40081232caaa
6c00f661c46391642208a5292f38b5a9e0e09cae,c78350e81298ca87bc1d59b466fa40081232caaa
2d906cda427cb2c4a71069423312e57ba4cd5445,6c00f661c46391642208a5292f38b5a9e0e09cae
04c05c6acc970f2ca89af8e436b8dd8189396146,2d906cda427cb2c4a71069423312e57ba4cd5445
04c05c6acc970f2ca89af8e436b8dd8189396146,95d638e7705ec561382268405bc488df4c26c7f7
8db1d30ac06dde4bd19d0a86241137ac2be21552,95d638e7705ec561382268405bc488df4c26c7f7
dd4cfde3e135f799a9a71b4f57e13a29de89f7e3,8db1d30ac06dde4bd19d0a86241137ac2be21552
82f59319e581cdfe16a97fe29bec6215ad818a81,dd4cfde3e135f799a9a71b4f57e13a29de89f7e3
82f59319e581cdfe16a97fe29bec6215ad818a81,4f0e4a313a3f777b4b6aab4f364b9bc51a6aacc9
1122b654f8b47c1aa9c04ff6bbe7561c798e2ad0,4f0e4a313a3f777b4b6aab4f364b9bc51a6aacc9
1122b654f8b47c1aa9c04ff6bbe7561c798e2ad0,bde841b0dbbf7a15ee69966a828c7fe2cf532ad9
59084df7203c6be33838ba3e3854eb9bda053ed2,bde841b0dbbf7a15ee69966a828c7fe2cf532ad9
900cd128482bbab4d2752d01ce80c55498b78dd2,59084df7203c6be33838ba3e3854eb9bda053ed2
668858489bbec3ce45f7a84a6a557b329f9ec91a,900cd128482bbab4d2752d01ce80c55498b78dd2
d3f8d5a9c48ee9f338f25f1be5f3adc7fd5dd855,668858489bbec3ce45f7a84a6a557b329f9ec91a
d3f8d5a9c48ee9f338f25f1be5f3adc7fd5dd855,0fe8f2f55046ad0b8d6337f57a78466790923264
4aef44e4aeaf28868ae2f1fff2c4eb19ff4df1f6,0fe8f2f55046ad0b8d6337f57a78466790923264
7d6168fbd3ed72f9098573007f4b8c2ec9e576b9,3646acd0dc49a00d38517abccfc3a54cb78bbadc
3646acd0dc49a00d38517abccfc3a54cb78bbadc,bde841b0dbbf7a15ee69966a828c7fe2cf532ad9
59084df7203c6be33838ba3e3854eb9bda053ed2,bde841b0dbbf7a15ee69966a828c7fe2cf532ad9
59084df7203c6be33838ba3e3854eb9bda053ed2,4f0e4a313a3f777b4b6aab4f364b9bc51a6aacc9
1f45c9d4d92c51a94c984eb4c2c6e027bbf78038,4f0e4a313a3f777b4b6aab4f364b9bc51a6aacc9
d3f8d5a9c48ee9f338f25f1be5f3adc7fd5dd855,1f45c9d4d92c51a94c984eb4c2c6e027bbf78038
d3f8d5a9c48ee9f338f25f1be5f3adc7fd5dd855,82f59319e581cdfe16a97fe29bec6215ad818a81
82f59319e581cdfe16a97fe29bec6215ad818a81,8db1d30ac06dde4bd19d0a86241137ac2be21552
2d906cda427cb2c4a71069423312e57ba4cd5445,8db1d30ac06dde4bd19d0a86241137ac2be21552
2d906cda427cb2c4a71069423312e57ba4cd5445,668858489bbec3ce45f7a84a6a557b329f9ec91a
668858489bbec3ce45f7a84a6a557b329f9ec91a,c78350e81298ca87bc1d59b466fa40081232caaa
4aef44e4aeaf28868ae2f1fff2c4eb19ff4df1f6,c78350e81298ca87bc1d59b466fa40081232caaa
4aef44e4aeaf28868ae2f1fff2c4eb19ff4df1f6,0fe8f2f55046ad0b8d6337f57a78466790923264
765051eee0fb1394b62555edb86ba1f7a00892fb,0fe8f2f55046ad0b8d6337f57a78466790923264
69535d3c6ff3238f8e7b2b29c1d40ea9d9d7914f,765051eee0fb1394b62555edb86ba1f7a00892fb
69535d3c6ff3238f8e7b2b29c1d40ea9d9d7914f,dd4cfde3e135f799a9a71b4f57e13a29de89f7e3
dd4cfde3e135f799a9a71b4f57e13a29de89f7e3,10feab31bb9e71a0f1094fb00c0554abfb992c4d
24d9d00b91f99dde3c9a0ea5c79e63f2ed26151c,10feab31bb9e71a0f1094fb00c0554abfb992c4d
24d9d00b91f99dde3c9a0ea5c79e63f2ed26151c,6c00f661c46391642208a5292f38b5a9e0e09cae
900cd128482bbab4d2752d01ce80c55498b78dd2,6c00f661c46391642208a5292f38b5a9e0e09cae
668075792a7ab40457d92e09da28d35c879271c3,900cd128482bbab4d2752d01ce80c55498b78dd2
668075792a7ab40457d92e09da28d35c879271c3,aa89c6bf86486e180833037333555e3492b15c8e
95d638e7705ec561382268405bc488df4c26c7f7,aa89c6bf86486e180833037333555e3492b15c8e
04c05c6acc970f2ca89af8e436b8dd8189396146,95d638e7705ec561382268405bc488df4c26c7f7
04c05c6acc970f2ca89af8e436b8dd8189396146,1122b654f8b47c1aa9c04ff6bbe7561c798e2ad0
d3f8d5a9c48ee9f338f25f1be5f3adc7fd5dd855,10feab31bb9e71a0f1094fb00c0554abfb992c4d
900cd128482bbab4d2752d01ce80c55498b78dd2,d3f8d5a9c48ee9f338f25f1be5f3adc7fd5dd855
1122b654f8b47c1aa9c04ff6bbe7561c798e2ad0,900cd128482bbab4d2752d01ce80c55498b78dd2
4aef44e4aeaf28868ae2f1fff2c4eb19ff4df1f6,1122b654f8b47c1aa9c04ff6bbe7561c798e2ad0
4aef44e4aeaf28868ae2f1fff2c4eb19ff4df1f6,82f59319e581cdfe16a97fe29bec6215ad818a81
04c05c6acc970f2ca89af8e436b8dd8189396146,82f59319e581cdfe16a97fe29bec6215ad818a81
04c05c6acc970f2ca89af8e436b8dd8189396146,1f45c9d4d92c51a94c984eb4c2c6e027bbf78038
aa89c6bf86486e180833037333555e3492b15c8e,1f45c9d4d92c51a94c984eb4c2c6e027bbf78038
dd4cfde3e135f799a9a71b4f57e13a29de89f7e3,aa89c6bf86486e180833037333555e3492b15c8e
668858489bbec3ce45f7a84a6a557b329f9ec91a,dd4cfde3e135f799a9a71b4f57e13a29de89f7e3
668075792a7ab40457d92e09da28d35c879271c3,668858489bbec3ce45f7a84a6a557b329f9ec91a
668075792a7ab40457d92e09da28d35c879271c3,4f0e4a313a3f777b4b6aab4f364b9bc51a6aacc9
3646acd0dc49a00d38517abccfc3a54cb78bbadc,4f0e4a313a3f777b4b6aab4f364b9bc51a6aacc9
2d906cda427cb2c4a71069423312e57ba4cd5445,3646acd0dc49a00d38517abccfc3a54cb78bbadc
2d906cda427cb2c4a71069423312e57ba4cd5445,8db1d30ac06dde4bd19d0a86241137ac2be21552
59084df7203c6be33838ba3e3854eb9bda053ed2,8db1d30ac06dde4bd19d0a86241137ac2be21552
24d9d00b91f99dde3c9a0ea5c79e63f2ed26151c,59084df7203c6be33838ba3e3854eb9bda053ed2
765051eee0fb1394b62555edb86ba1f7a00892fb,24d9d00b91f99dde3c9a0ea5c79e63f2ed26151c
765051eee0fb1394b62555edb86ba1f7a00892fb,7d6168fbd3ed72f9098573007f4b8c2ec9e576b9
69535d3c6ff3238f8e7b2b29c1d40ea9d9d7914f,7d6168fbd3ed72f9098573007f4b8c2ec9e576b9
69535d3c6ff3238f8e7b2b29c1d40ea9d9d7914f,6c00f661c46391642208a5292f38b5a9e0e09cae
c78350e81298ca87bc1d59b466fa40081232caaa,6c00f661c46391642208a5292f38b5a9e0e09cae
bde841b0dbbf7a15ee69966a828c7fe2cf532ad9,c78350e81298ca87bc1d59b466fa40081232caaa
0fe8f2f55046ad0b8d6337f57a78466790923264,bde841b0dbbf7a15ee69966a828c7fe2cf532ad9
0fe8f2f55046ad0b8d6337f57a78466790923264,95d638e7705ec561382268405bc488df4c26c7f7
04c05c6acc970f2ca89af8e436b8dd8189396146,1122b654f8b47c1aa9c04ff6bbe7561c798e2ad0
04c05c6acc970f2ca89af8e436b8dd8189396146,900cd128482bbab4d2752d01ce80c55498b78dd2
900cd128482bbab4d2752d01ce80c55498b78dd2,3646acd0dc49a00d38517abccfc3a54cb78bbadc
668858489bbec3ce45f7a84a6a557b329f9ec91a,3646acd0dc49a00d38517abccfc3a54cb78bbadc
668858489bbec3ce45f7a84a6a557b329f9ec91a,95d638e7705ec561382268405bc488df4c26c7f7
765051eee0fb1394b62555edb86ba1f7a00892fb,95d638e7705ec561382268405bc488df4c26c7f7
765051eee0fb1394b62555edb86ba1f7a00892fb,59084df7203c6be33838ba3e3854eb9bda053ed2
59084df7203c6be33838ba3e3854eb9bda053ed2,aa89c6bf86486e180833037333555e3492b15c8e
dd4cfde3e135f799a9a71b4f57e13a29de89f7e3,aa89c6bf86486e180833037333555e3492b15c8e
4aef44e4aeaf28868ae2f1fff2c4eb19ff4df1f6,dd4cfde3e135f799a9a71b4f57e13a29de89f7e3
82f59319e581cdfe16a97fe29bec6215ad818a81,4aef44e4aeaf28868ae2f1fff2c4eb19ff4df1f6
7d6168fbd3ed72f9098573007f4b8c2ec9e576b9,82f59319e581cdfe16a97fe29bec6215ad818a81
7d6168fbd3ed72f9098573007f4b8c2ec9e576b9,1f45c9d4d92c51a94c984eb4c2c6e027bbf78038
d3f8d5a9c48ee9f338f25f1be5f3adc7fd5dd855,1f45c9d4d92c51a94c984eb4c2c6e027bbf78038
d3f8d5a9c48ee9f338f25f1be5f3adc7fd5dd855,6c00f661c46391642208a5292f38b5a9e0e09cae
6c00f661c46391642208a5292f38b5a9e0e09cae,8db1d30ac06dde4bd19d0a86241137ac2be21552
10feab31bb9e71a0f1094fb00c0554abfb992c4d,8db1d30ac06dde4bd19d0a86241137ac2be21552
69535d3c6ff3238f8e7b2b29c1d40ea9d9d7914f,10feab31bb9e71a0f1094fb00c0554abfb992c4d
69535d3c6ff3238f8e7b2b29c1d40ea9d9d7914f,4f0e4a313a3f777b4b6aab4f364b9bc51a6aacc9
0fe8f2f55046ad0b8d6337f57a78466790923264,4f0e4a313a3f777b4b6aab4f364b9bc51a6aacc9
24d9d00b91f99dde3c9a0ea5c79e63f2ed26151c,0fe8f2f55046ad0b8d6337f57a78466790923264
24d9d00b91f99dde3c9a0ea5c79e63f2ed26151c,bde841b0dbbf7a15ee69966a828c7fe2cf532ad9
668075792a7ab40457d92e09da28d35c879271c3,bde841b0dbbf7a15ee69966a828c7fe2cf532ad9
2d906cda427cb2c4a71069423312e57ba4cd5445,668075792a7ab40457d92e09da28d35c879271c3
2d906cda427cb2c4a71069423312e57ba4cd5445,c78350e81298ca87bc1d59b466fa40081232caaa
82f59319e581cdfe16a97fe29bec6215ad818a81,95d638e7705ec561382268405bc488df4c26c7f7
2d906cda427cb2c4a71069423312e57ba4cd5445,82f59319e581cdfe16a97fe29bec6215ad818a81
2d906cda427cb2c4a71069423312e57ba4cd5445,1f45c9d4d92c51a94c984eb4c2c6e027bbf78038
dd4cfde3e135f799a9a71b4f57e13a29de89f7e3,1f45c9d4d92c51a94c984eb4c2c6e027bbf78038
dd4cfde3e135f799a9a71b4f57e13a29de89f7e3,8db1d30ac06dde4bd19d0a86241137ac2be21552
aa89c6bf86486e180833037333555e3492b15c8e,8db1d30ac06dde4bd19d0a86241137ac2be21552
aa89c6bf86486e180833037333555e3492b15c8e,6c00f661c46391642208a5292f38b5a9e0e09cae
59084df7203c6be33838ba3e3854eb9bda053ed2,6c00f661c46391642208a5292f38b5a9e0e09cae
24d9d00b91f99dde3c9a0ea5c79e63f2ed26151c,59084df7203c6be33838ba3e3854eb9bda053ed2
24d9d00b91f99dde3c9a0ea5c79e63f2ed26151c,0fe8f2f55046ad0b8d6337f57a78466790923264
10feab31bb9e71a0f1094fb00c0554abfb992c4d,0fe8f2f55046ad0b8d6337f57a78466790923264
765051eee0fb1394b62555edb86ba1f7a00892fb,10feab31bb9e71a0f1094fb00c0554abfb992c4d
765051eee0fb1394b62555edb86ba1f7a00892fb,3646acd0dc49a00d38517abccfc3a54cb78bbadc
668858489bbec3ce45f7a84a6a557b329f9ec91a,3646acd0dc49a00d38517abccfc3a54cb78bbadc
668858489bbec3ce45f7a84a6a557b329f9ec91a,bde841b0dbbf7a15ee69966a828c7fe2cf532ad9
d3f8d5a9c48ee9f338f25f1be5f3adc7fd5dd855,bde841b0dbbf7a15ee69966a828c7fe2cf532ad9
d3f8d5a9c48ee9f338f25f1be5f3adc7fd5dd855,7d6168fbd3ed72f9098573007f4b8c2ec9e576b9
04c05c6acc970f2ca89af8e436b8dd8189396146,7d6168fbd3ed72f9098573007f4b8c2ec9e576b9
69535d3c6ff3238f8e7b2b29c1d40ea9d9d7914f,04c05c6acc970f2ca89af8e436b8dd8189396146
69535d3c6ff3238f8e7b2b29c1d40ea9d9d7914f,900cd128482bbab4d2752d01ce80c55498b78dd2
1122b654f8b47c1aa9c04ff6bbe7561c798e2ad0,900cd128482bbab4d2752d01ce80c55498b78dd2
4aef44e4aeaf28868ae2f1fff2c4eb19ff4df1f6,1122b654f8b47c1aa9c04ff6bbe7561c798e2ad0
4aef44e4aeaf28868ae2f1fff2c4eb19ff4df1f6,668075792a7ab40457d92e09da28d35c879271c3
668075792a7ab40457d92e09da28d35c879271c3,4f0e4a313a3f777b4b6aab4f364b9bc51a6aacc9
4f0e4a313a3f777b4b6aab4f364b9bc51a6aacc9,c78350e81298ca87bc1d59b466fa40081232caaa
59084df7203c6be33838ba3e3854eb9bda053ed2,8db1d30ac06dde4bd19d0a86241137ac2be21552
59084df7203c6be33838ba3e3854eb9bda053ed2,82f59319e581cdfe16a97fe29bec6215ad818a81
24d9d00b91f99dde3c9a0ea5c79e63f2ed26151c,82f59319e581cdfe16a97fe29bec6215ad818a81
24d9d00b91f99dde3c9a0ea5c79e63f2ed26151c,6c00f661c46391642208a5292f38b5a9e0e09cae
aa89c6bf86486e180833037333555e3492b15c8e,6c00f661c46391642208a5292f38b5a9e0e09cae
2d906cda427cb2c4a71069423312e57ba4cd5445,aa89c6bf86486e180833037333555e3492b15c8e
2d906cda427cb2c4a71069423312e57ba4cd5445,10feab31bb9e71a0f1094fb00c0554abfb992c4d
7d6168fbd3ed72f9098573007f4b8c2ec9e576b9,10feab31bb9e71a0f1094fb00c0554abfb992c4d
7d6168fbd3ed72f9098573007f4b8c2ec9e576b9,668075792a7ab40457d92e09da28d35c879271c3
668075792a7ab40457d92e09da28d35c879271c3,c78350e81298ca87bc1d59b466fa40081232caaa
69535d3c6ff3238f8e7b2b29c1d40ea9d9d7914f,c78350e81298ca87bc1d59b466fa40081232caaa
69535d3c6ff3238f8e7b2b29c1d40ea9d9d7914f,3646acd0dc49a00d38517abccfc3a54cb78bbadc
3646acd0dc49a00d38517abccfc3a54cb78bbadc,1f45c9d4d92c51a94c984eb4c2c6e027bbf78038
4aef44e4aeaf28868ae2f1fff2c4eb19ff4df1f6,1f45c9d4d92c51a94c984eb4c2c6e027bbf78038
765051eee0fb1394b62555edb86ba1f7a00892fb,4aef44e4aeaf28868ae2f1fff2c4eb19ff4df1f6
765051eee0fb1394b62555edb86ba1f7a00892fb,dd4cfde3e135f799a9a71b4f57e13a29de89f7e3
668858489bbec3ce45f7a84a6a557b329f9ec91a,dd4cfde3e135f799a9a71b4f57e13a29de89f7e3
668858489bbec3ce45f7a84a6a557b329f9ec91a,900cd128482bbab4d2752d01ce80c55498b78dd2
900cd128482bbab4d2752d01ce80c55498b78dd2,4f0e4a313a3f777b4b6aab4f364b9bc51a6aacc9
4f0e4a313a3f777b4b6aab4f364b9bc51a6aacc9,95d638e7705ec561382268405bc488df4c26c7f7
0fe8f2f55046ad0b8d6337f57a78466790923264,95d638e7705ec561382268405bc488df4c26c7f7
0fe8f2f55046ad0b8d6337f57a78466790923264,04c05c6acc970f2ca89af8e436b8dd8189396146
1122b654f8b47c1aa9c04ff6bbe7561c798e2ad0,04c05c6acc970f2ca89af8e436b8dd8189396146
1122b654f8b47c1aa9c04ff6bbe7561c798e2ad0,bde841b0dbbf7a15ee69966a828c7fe2cf532ad9
d3f8d5a9c48ee9f338f25f1be5f3adc7fd5dd855,bde841b0dbbf7a15ee69966a828c7fe2cf532ad9
aa89c6bf86486e180833037333555e3492b15c8e,6c00f661c46391642208a5292f38b5a9e0e09cae
d3f8d5a9c48ee9f338f25f1be5f3adc7fd5dd855,aa89c6bf86486e180833037333555e3492b15c8e
d3f8d5a9c48ee9f338f25f1be5f3adc7fd5dd855,10feab31bb9e71a0f1094fb00c0554abfb992c4d
10feab31bb9e71a0f1094fb00c0554abfb992c4d,1f45c9d4d92c51a94c984eb4c2c6e027bbf78038
1f45c9d4d92c51a94c984eb4c2c6e027bbf78038,8db1d30ac06dde4bd19d0a86241137ac2be21552
668075792a7ab40457d92e09da28d35c879271c3,8db1d30ac06dde4bd19d0a86241137ac2be21552
668075792a7ab40457d92e09da28d35c879271c3,668858489bbec3ce45f7a84a6a557b329f9ec91a
2d906cda427cb2c4a71069423312e57ba4cd5445,668858489bbec3ce45f7a84a6a557b329f9ec91a
2d906cda427cb2c4a71069423312e57ba4cd5445,24d9d00b91f99dde3c9a0ea5c79e63f2ed26151c
24d9d00b91f99dde3c9a0ea5c79e63f2ed26151c,7d6168fbd3ed72f9098573007f4b8c2ec9e576b9
7d6168fbd3ed72f9098573007f4b8c2ec9e576b9,4f0e4a313a3f777b4b6aab4f364b9bc51a6aacc9
04c05c6acc970f2ca89af8e436b8dd8189396146,4f0e4a313a3f777b4b6aab4f364b9bc51a6aacc9
765051eee0fb1394b62555edb86ba1f7a00892fb,04c05c6acc970f2ca89af8e436b8dd8189396146
765051eee0fb1394b62555edb86ba1f7a00892fb,0fe8f2f55046ad0b8d6337f57a78466790923264
0fe8f2f55046ad0b8d6337f57a78466790923264,95d638e7705ec561382268405bc488df4c26c7f7
69535d3c6ff3238f8e7b2b29c1d40ea9d9d7914f,95d638e7705ec561382268405bc488df4c26c7f7
4aef44e4aeaf28868ae2f1fff2c4eb19ff4df1f6,69535d3c6ff3238f8e7b2b29c1d40ea9d9d7914f
dd4cfde3e135f799a9a71b4f57e13a29de89f7e3,4aef44e4aeaf28868ae2f1fff2c4eb19ff4df1f6
1122b654f8b47c1aa9c04ff6bbe7561c798e2ad0,dd4cfde3e135f799a9a71b4f57e13a29de89f7e3
1122b654f8b47c1aa9c04ff6bbe7561c798e2ad0,bde841b0dbbf7a15ee69966a828c7fe2cf532ad9
59084df7203c6be33838ba3e3854eb9bda053ed2,bde841b0dbbf7a15ee69966a828c7fe2cf532ad9
59084df7203c6be33838ba3e3854eb9bda053ed2,c78350e81298ca87bc1d59b466fa40081232caaa
900cd128482bbab4d2752d01ce80c55498b78dd2,c78350e81298ca87bc1d59b466fa40081232caaa
900cd128482bbab4d2752d01ce80c55498b78dd2,3646acd0dc49a00d38517abccfc3a54cb78bbadc
82f59319e581cdfe16a97fe29bec6215ad818a81,3646acd0dc49a00d38517abccfc3a54cb78bbadc
765051eee0fb1394b62555edb86ba1f7a00892fb,1f45c9d4d92c51a94c984eb4c2c6e027bbf78038
765051eee0fb1394b62555edb86ba1f7a00892fb,668858489bbec3ce45f7a84a6a557b329f9ec91a
2d906cda427cb2c4a71069423312e57ba4cd5445,668858489bbec3ce45f7a84a6a557b329f9ec91a
2d906cda427cb2c4a71069423312e57ba4cd5445,82f59319e581cdfe16a97fe29bec6215ad818a81
82f59319e581cdfe16a97fe29bec6215ad818a81,3646acd0dc49a00d38517abccfc3a54cb78bbadc
668075792a7ab40457d92e09da28d35c879271c3,3646acd0dc49a00d38517abccfc3a54cb78bbadc
d3f8d5a9c48ee9f338f25f1be5f3adc7fd5dd855,668075792a7ab40457d92e09da28d35c879271c3
d3f8d5a9c48ee9f338f25f1be5f3adc7fd5dd855,c78350e81298ca87bc1d59b466fa40081232caaa
c78350e81298ca87bc1d59b466fa40081232caaa,95d638e7705ec561382268405bc488df4c26c7f7
59084df7203c6be33838ba3e3854eb9bda053ed2,95d638e7705ec561382268405bc488df4c26c7f7
24d9d00b91f99dde3c9a0ea5c79e63f2ed26151c,59084df7203c6be33838ba3e3854eb9bda053ed2
24d9d00b91f99dde3c9a0ea5c79e63f2ed26151c,4f0e4a313a3f777b4b6aab4f364b9bc51a6aacc9
dd4cfde3e135f799a9a71b4f57e13a29de89f7e3,4f0e4a313a3f777b4b6aab4f364b9bc51a6aacc9
dd4cfde3e135f799a9a71b4f57e13a29de89f7e3,6c00f661c46391642208a5292f38b5a9e0e09cae
900cd128482bbab4d2752d01ce80c55498b78dd2,6c00f661c46391642208a5292f38b5a9e0e09cae
10feab31bb9e71a0f1094fb00c0554abfb992c4d,900cd128482bbab4d2752d01ce80c55498b78dd2
10feab31bb9e71a0f1094fb00c0554abfb992c4d,8db1d30ac06dde4bd19d0a86241137ac2be21552
7d6168fbd3ed72f9098573007f4b8c2ec9e576b9,8db1d30ac06dde4bd19d0a86241137ac2be21552
69535d3c6ff3238f8e7b2b29c1d40ea9d9d7914f,7d6168fbd3ed72f9098573007f4b8c2ec9e576b9
69535d3c6ff3238f8e7b2b29c1d40ea9d9d7914f,0fe8f2f55046ad0b8d6337f57a78466790923264
0fe8f2f55046ad0b8d6337f57a78466790923264,aa89c6bf86486e180833037333555e3492b15c8e
4aef44e4aeaf28868ae2f1fff2c4eb19ff4df1f6,aa89c6bf86486e180833037333555e3492b15c8e
1122b654f8b47c1aa9c04ff6bbe7561c798e2ad0,4aef44e4aeaf28868ae2f1fff2c4eb19ff4df1f6
1122b654f8b47c1aa9c04ff6bbe7561c798e2ad0,bde841b0dbbf7a15ee69966a828c7fe2cf532ad9
04c05c6acc970f2ca89af8e436b8dd8189396146,bde841b0dbbf7a15ee69966a828c7fe2cf532ad9
7d6168fbd3ed72f9098573007f4b8c2ec9e576b9,c78350e81298ca87bc1d59b466fa40081232caaa
c78350e81298ca87bc1d59b466fa40081232caaa,4f0e4a313a3f777b4b6aab4f364b9bc51a6aacc9
6c00f661c46391642208a5292f38b5a9e0e09cae,4f0e4a313a3f777b4b6aab4f364b9bc51a6aacc9
2d906cda427cb2c4a71069423312e57ba4cd5445,6c00f661c46391642208a5292f38b5a9e0e09cae
2d906cda427cb2c4a71069423312e57ba4cd5445,668858489bbec3ce45f7a84a6a557b329f9ec91a
900cd128482bbab4d2752d01ce80c55498b78dd2,668858489bbec3ce45f7a84a6a557b329f9ec91a
4aef44e4aeaf28868ae2f1fff2c4eb19ff4df1f6,900cd128482bbab4d2752d01ce80c55498b78dd2
4aef44e4aeaf28868ae2f1fff2c4eb19ff4df1f6,1122b654f8b47c1aa9c04ff6bbe7561c798e2ad0
dd4cfde3e135f799a9a71b4f57e13a29de89f7e3,1122b654f8b47c1aa9c04ff6bbe7561c798e2ad0
69535d3c6ff3238f8e7b2b29c1d40ea9d9d7914f,dd4cfde3e135f799a9a71b4f57e13a29de89f7e3
69535d3c6ff3238f8e7b2b29c1d40ea9d9d7914f,10feab31bb9e71a0f1094fb00c0554abfb992c4d
0fe8f2f55046ad0b8d6337f57a78466790923264,10feab31bb9e71a0f1094fb00c0554abfb992c4d
0fe8f2f55046ad0b8d6337f57a78466790923264,95d638e7705ec561382268405bc488df4c26c7f7
24d9d00b91f99dde3c9a0ea5c79e63f2ed26151c,95d638e7705ec561382268405bc488df4c26c7f7
04c05c6acc970f2ca89af8e436b8dd8189396146,24d9d00b91f99dde3c9a0ea5c79e63f2ed26151c
765051eee0fb1394b62555edb86ba1f7a00892fb,04c05c6acc970f2ca89af8e436b8dd8189396146
765051eee0fb1394b62555edb86ba1f7a00892fb,3646acd0dc49a00d38517abccfc3a54cb78bbadc
aa89c6bf86486e180833037333555e3492b15c8e,3646acd0dc49a00d38517abccfc3a54cb78bbadc
668075792a7ab40457d92e09da28d35c879271c3,aa89c6bf86486e180833037333555e3492b15c8e
668075792a7ab40457d92e09da28d35c879271c3,82f59319e581cdfe16a97fe29bec6215ad818a81
59084df7203c6be33838ba3e3854eb9bda053ed2,82f59319e581cdfe16a97fe29bec6215ad818a81
59084df7203c6be33838ba3e3854eb9bda053ed2,1f45c9d4d92c51a94c984eb4c2c6e027bbf78038
bde841b0dbbf7a15ee69966a828c7fe2cf532ad9,1f45c9d4d92c51a94c984eb4c2c6e027bbf78038
d3f8d5a9c48ee9f338f25f1be5f3adc7fd5dd855,bde841b0dbbf7a15ee69966a828c7fe2cf532ad9
d3f8d5a9c48ee9f338f25f1be5f3adc7fd5dd855,8db1d30ac06dde4bd19d0a86241137ac2be21552
1122b654f8b47c1aa9c04ff6bbe7561c798e2ad0,668858489bbec3ce45f7a84a6a557b329f9ec91a
668858489bbec3ce45f7a84a6a557b329f9ec91a,3646acd0dc49a00d38517abccfc3a54cb78bbadc
d3f8d5a9c48ee9f338f25f1be5f3adc7fd5dd855,3646acd0dc49a00d38517abccfc3a54cb78bbadc
d3f8d5a9c48ee9f338f25f1be5f3adc7fd5dd855,2d906cda427cb2c4a71069423312e57ba4cd5445
2d906cda427cb2c4a71069423312e57ba4cd5445,aa89c6bf86486e180833037333555e3492b15c8e
668075792a7ab40457d92e09da28d35c879271c3,aa89c6bf86486e180833037333555e3492b15c8e
4aef44e4aeaf28868ae2f1fff2c4eb19ff4df1f6,668075792a7ab40457d92e09da28d35c879271c3
4aef44e4aeaf28868ae2f1fff2c4eb19ff4df1f6,04c05c6acc970f2ca89af8e436b8dd8189396146
69535d3c6ff3238f8e7b2b29c1d40ea9d9d7914f,04c05c6acc970f2ca89af8e436b8dd8189396146
69535d3c6ff3238f8e7b2b29c1d40ea9d9d7914f,c78350e81298ca87bc1d59b466fa40081232caaa
7d6168fbd3ed72f9098573007f4b8c2ec9e576b9,c78350e81298ca87bc1d59b466fa40081232caaa
7d6168fbd3ed72f9098573007f4b8c2ec9e576b9,82f59319e581cdfe16a97fe29bec6215ad818a81
82f59319e581cdfe16a97fe29bec6215ad818a81,6c00f661c46391642208a5292f38b5a9e0e09cae
0fe8f2f55046ad0b8d6337f57a78466790923264,6c00f661c46391642208a5292f38b5a9e0e09cae
0fe8f2f55046ad0b8d6337f57a78466790923264,1f45c9d4d92c51a94c984eb4c2c6e027bbf78038
dd4cfde3e135f799a9a71b4f57e13a29de89f7e3,1f45c9d4d92c51a94c984eb4c2c6e027bbf78038
59084df7203c6be33838ba3e3854eb9bda053ed2,dd4cfde3e135f799a9a71b4f57e13a29de89f7e3
765051eee0fb1394b62555edb86ba1f7a00892fb,59084df7203c6be33838ba3e3854eb9bda053ed2
765051eee0fb1394b62555edb86ba1f7a00892fb,10feab31bb9e71a0f1094fb00c0554abfb992c4d
10feab31bb9e71a0f1094fb00c0554abfb992c4d,8db1d30ac06dde4bd19d0a86241137ac2be21552
24d9d00b91f99dde3c9a0ea5c79e63f2ed26151c,8db1d30ac06dde4bd19d0a86241137ac2be21552
24d9d00b91f99dde3c9a0ea5c79e63f2ed26151c,4f0e4a313a3f777b4b6aab4f364b9bc51a6aacc9
4f0e4a313a3f777b4b6aab4f364b9bc51a6aacc9,95d638e7705ec561382268405bc488df4c26c7f7
900cd128482bbab4d2752d01ce80c55498b78dd2,95d638e7705ec561382268405bc488df4c26c7f7
900cd128482bbab4d2752d01ce80c55498b78dd2,bde841b0dbbf7a15ee69966a828c7fe2cf532ad9
