,lead_author_h_index,total_citations,b,a,last_author_h_index
lead_author_h_index,1.0,0.25900493759823345,0.0708411760417569,-0.1165764082595542,0.42383416065232576
total_citations,0.25900493759823345,1.0,0.7962049464167396,-0.415801214241724,0.2579749798246429
b,0.0708411760417569,0.7962049464167396,1.0,-0.176798411132846,0.004963060775420924
a,-0.1165764082595542,-0.415801214241724,-0.176798411132846,1.0,-0.13919368091973147
last_author_h_index,0.42383416065232576,0.2579749798246429,0.004963060775420924,-0.13919368091973147,1.0
